tweet_id	user_id	text	created_at	retweet_count	favorite_count	in_reply_to_status_id_str	hashtags	user_mentions	urls	sentiment
1.3528462054417285e+18	1.3234590778554204e+18	Quien quiere un set mio ? Vamos no son caros pregunten sin compromiso ğŸ˜ˆ https://t.co/aA9BmNojhC	Sat Jan 23 05:10:44 +0000 2021	0	87					0.225
1.349018083596378e+18	1.3234590778554204e+18	"Consulten por mi nuevo set ""HOT21"" que contiene 7 fotos.
Acepto transferencia,Mercadopago , uala, Paypal. ğŸ”¥ğŸ”¥ğŸ”¥ğŸ”¥ https://t.co/sB5Qil4XTg"	Tue Jan 12 15:39:09 +0000 2021	0	38					0.13636363636363635
1.3377959472675594e+18	1.3234590778554204e+18	"Recien empiezo pueden seguirme? ğŸ¥º Voy a estar vendiendo contenido +18 y erÃ³tico ğŸ”ğŸ”¥
Sets de Fotos y VideosğŸ¥º
#contenidoexplicito #porn #porno #nudes #desnudatotal #setdefotos #webcam #Argentina #Losangeles #EEUU"	Sat Dec 12 16:26:23 +0000 2020	1	7		contenidoexplicito,porn,porno,nudes,desnudatotal,setdefotos,webcam,Argentina,Losangeles,EEUU			0.7
1.337792164647088e+18	1.3234590778554204e+18	Vendo set de 6 fotos #buyingcontent #seelingcontent #vendo #contenidoerotico #erotic #pack DM https://t.co/5znUSH5MWe	Sat Dec 12 16:11:21 +0000 2020	11	110		buyingcontent,seelingcontent,vendo,contenidoerotico,erotic,pack			0.7
1.3377911000110326e+18	1.3234590778554204e+18	"#buyingcontent #sellingcontent +ğŸ” ğŸ”¥ğŸ”¥ğŸ”¥ DM
Set a muy buen precio. https://t.co/y4tQ4vJvkZ"	Sat Dec 12 16:07:07 +0000 2020	3	45		buyingcontent,sellingcontent			0.9099999999999999
1.3321079845420442e+18	1.3234590778554204e+18	Hola, mira el resultado que he obtenido en el test: Â¿CuÃ¡nta empatÃ­a tienes? en el blog de @areahumana  https://t.co/oWKjfTy67z	Thu Nov 26 23:44:27 +0000 2020	1	7			945632744.0	https://www.areahumana.es/empatia/	0.2
1.6998188250284524e+18	280656430.0	Una Argentina distinta es imposible con los mismos de siempre.	Thu Sep 07 16:16:03 +0000 2023	861	4414					-0.2222222222222222
1.698897522125681e+18	280656430.0	RT @VickyVillarruel: Los DDHH son para todos. Los que se oponen al recuerdo de nuestros muertos son los que avalan al terrorismo, los que lâ€¦	Tue Sep 05 03:15:07 +0000 2023	3065	0			28266730		-0.1
1.6988972551791826e+18	280656430.0	RT @VickyVillarruel: Quiero agradecer especialmente a la PolicÃ­a de la Ciudad de Buenos Aires y a la PolicÃ­a Federal por el dispositivo deâ€¦	Tue Sep 05 03:14:04 +0000 2023	2079	0			28266730		0.0
1.698851064005411e+18	280656430.0	"Hay una nueva Argentina en la que no tienen lugar los que defienden terroristas.
Las agresiones a nuestros candidatos durante el Homenaje a VÃ­ctimas del Terrorismo es el reflejo de una Argentina del pasado que ya no vamos a ver nunca mÃ¡s.
Felicitaciones @VickyVillarruel por elâ€¦"	Tue Sep 05 00:10:31 +0000 2023	1655	7966			28266730		-0.05681818181818182
1.6988316151562406e+18	280656430.0	"RT @DianaMondino: Victoria es de las personas mÃ¡s valientes y preparadas para liderar nuestra patria.

Hoy demostrÃ³ nuevamente un coraje siâ€¦"	Mon Sep 04 22:53:14 +0000 2023	2015	0			1367617383704199171		0.0
1.6988315834975767e+18	280656430.0	RT @agustinromm: Salon lleno para el Homenaje a las Victimas del Terrorismo. Lamentable como la izquierda no quiere que se reconozcan los dâ€¦	Mon Sep 04 22:53:06 +0000 2023	1619	0			1463984323162361857		0.175
1.6988315555132582e+18	280656430.0	RT @CarolinaPiparo: Nos gritan nazi, pero ellos bloquearon la circulaciÃ³n y no nos dejaron llegar a la legislaturaâ€¦mÃ¡s fachos no se consiguâ€¦	Mon Sep 04 22:53:00 +0000 2023	1807	0			1234841172		0.5
1.6988315235654287e+18	280656430.0	RT @VickyVillarruel: Los DDHH son para todos. Invocar la democracia y a los DDHH sin dejar que podamos expresarnos o ejercerlos es la muestâ€¦	Mon Sep 04 22:52:52 +0000 2023	4168	0			28266730		0.0
1.6985188191346442e+18	280656430.0	"Tenes Bancos Centrales que son malos, otros que son muy malos, unos que son espantosos y despuÃ©s el Banco Central de la RepÃºblica Argentina.

 https://t.co/ZYUKsFQvKT"	Mon Sep 04 02:10:18 +0000 2023	663	3333					-0.4219999999999999
1.4602436979586785e+18	1.4374632074220872e+18	RT @Milei_Diputado: NO BAJEMOS LOS BRAZOS. HASTA QUE EN 2023 NO HAYA UNA BOLETA LIBERAL EN TODO EL PAÃS, NO PARAMOS ğŸ‡¦ğŸ‡·ğŸ	Mon Nov 15 13:50:02 +0000 2021	219	0					0.0
1.4602436879091835e+18	1.4374632074220872e+18	RT @Milei_Diputado: Un minuto de silencio para Kirchnerismo...	Mon Nov 15 13:49:59 +0000 2021	2415	0					0.0
1.4602436824775025e+18	1.4374632074220872e+18	RT @Milei_Diputado: Ya no es sorpresa. Es la realidad y queremos mÃ¡s. ğŸ	Mon Nov 15 13:49:58 +0000 2021	80	0					0.0
1.4602436769619886e+18	1.4374632074220872e+18	RT @Milei_Diputado: Parte del 17% â¤ï¸ğŸ	Mon Nov 15 13:49:57 +0000 2021	29	0					0.0
1.4602436477822607e+18	1.4374632074220872e+18	RT @Milei_Diputado: â€œSi hay que sentarse a dialogar, no tengo problemas. Pero si es para limitar el Derecho a la Propiedad Privada o a acomâ€¦	Mon Nov 15 13:49:50 +0000 2021	118	0					0.04338624338624337
1.4602436391965532e+18	1.4374632074220872e+18	RT @Milei_Diputado: Hoy somos el 17%. El futuro es liberal #Milei2023	Mon Nov 15 13:49:48 +0000 2021	41	0		Milei2023			0.0
1.4602436224528753e+18	1.4374632074220872e+18	RT @Milei_Diputado: #BatacazoDeMilei no es sorpresa. La gente estÃ¡ cansada Y LA LIBERTAD AVANZA ğŸ‡¦ğŸ‡·	Mon Nov 15 13:49:44 +0000 2021	4092	0		BatacazoDeMilei			-0.4
1.4600949055948308e+18	1.4374632074220872e+18	RT @Milei_Diputado: Estamos haciendo historia en Argentina	Mon Nov 15 03:58:47 +0000 2021	1826	0					0.0
1.460063537238356e+18	1.4374632074220872e+18	Esto es solamente el principio ğŸ‡¦ğŸ‡·	Mon Nov 15 01:54:08 +0000 2021	8	91					0.0
1.6995430014739003e+18	22703645.0	Ep. 22  Larry Sinclair says he had a night of crack cocaine-fueled sex with Barack Obama, and that Obama came back for more the next day. Assess for yourself. Hereâ€™s our interview. https://t.co/R6CXwKv6gs	Wed Sep 06 22:00:02 +0000 2023	56215	162382					0.16666666666666666
1.6991428588448648e+18	22703645.0	"A man who claims he had sex with Barack Obama in 1999 tells his story. 

Wednesday. 6pm ET. https://t.co/iDYMSww1KS"	Tue Sep 05 19:30:00 +0000 2023	52511	182684					0.0
1.6973781397295396e+18	22703645.0	Ep. 21  Dave Portnoy founded Barstool Sports and just completed the most impressive business transaction of our lifetime. He also just got into an epic fight and shared the video with us first. Watch. https://t.co/W7AJ10kZni	Thu Aug 31 22:37:38 +0000 2023	20385	118391					0.4625
1.6962739538983158e+18	22703645.0	None of our leaders are punished for lying. Instead, regular people are punished for telling the truth. That was part of our conversation with Hungarian leader BalÃ¡zs OrbÃ¡n. It happened immediately after our speech in Budapest. Watch. https://t.co/HpWDBJFS6W	Mon Aug 28 21:30:00 +0000 2023	33853	142792					0.0
1.6952540017914063e+18	22703645.0	"The world is realigning at high speed, and turning against the United States. But the Biden Administration is spending its time harassing one of our last sincere allies in Europe, Hungary, for the crime of being too Christian. Watch.

(Tucker's Speech in Budapest) https://t.co/yppDft6YIi"	Sat Aug 26 01:57:04 +0000 2023	47334	182934					0.165
1.6945136032512412e+18	22703645.0	Ep. 19  Debate Night with Donald J Trump https://t.co/ayPfII48CO	Thu Aug 24 00:55:00 +0000 2023	211504	857785					0.0
1.694469568549237e+18	22703645.0	"Donald Trump. Tucker Carlson.
Debate Night in Bedminster
8:55pm ET https://t.co/w8nGhOfEdv"	Wed Aug 23 22:00:01 +0000 2023	61180	311002					0.0
1.6944242708210688e+18	22703645.0	Hereâ€™s whatâ€™s happening at 8:55pm ET. https://t.co/UZcgSnv6Nm	Wed Aug 23 19:00:01 +0000 2023	48586	252842					0.0
1.4759551616716431e+18	1.2657809543600906e+18	"Pero Alberso, quien carajos de la ""EconomÃ­a popular"" se maneja con dÃ³lares? https://t.co/nAgeCOhJrA"	Tue Dec 28 22:21:47 +0000 2021	20	178					0.6
1.4759272129563077e+18	1.2657809543600906e+18	En pleno ascenso de la 3er ola de Covid, la DirecciÃ³n de Habilitaciones y la DirecciÃ³n de InspecciÃ³n General del partido de MorÃ³n permiten que el dÃ­a 1ro de Enero se realice en el estadio de MorÃ³n una fiesta de electrÃ³nica, la info es de muy buena fuente. Saquen sus conclusiones.	Tue Dec 28 20:30:43 +0000 2021	3	41					0.3275
1.4751416342579282e+18	1.2657809543600906e+18	Verdaderamente no sÃ© sÃ­ estÃ¡ hablando de la gestiÃ³n de Alberto o de de gestiÃ³n de Ã©l. https://t.co/8IeGYOWl5r	Sun Dec 26 16:29:07 +0000 2021	10	77					-0.1
1.469294296385786e+18	1.2657809543600906e+18	Bien lejos ustedes, que hicieron mierda el paÃ­s.	Fri Dec 10 13:13:53 +0000 2021	3	66					-0.05
1.4676963617011384e+18	1.2657809543600906e+18	A prepararse mentalmente, evalÃºan encerrarnos de nuevo en Marzo.	Mon Dec 06 03:24:15 +0000 2021	5	29					-0.1
1.4617948833127916e+18	1.2657809543600906e+18	Kamala tuvo poder presidencial por que UN presidente tuvo que operarse. Excelso. https://t.co/bBS1mHe7sw	Fri Nov 19 20:33:53 +0000 2021	2	20					0.0
1.460012638545465e+18	1.2657809543600906e+18	"RT @LibertarioCABA: QuÃ© esperas para venir al Luna Park y festejar el triunfo liberal?
#ArgentinaConMilei https://t.co/Hk5r85n5o5"	Sun Nov 14 22:31:53 +0000 2021	95	0		ArgentinaConMilei	1239328628556644352		0.0
1.4578639074737152e+18	1.2657809543600906e+18	"Mi mÃ¡s sentido pÃ©same a la familia.
PENA DE MUERTE YA"	Tue Nov 09 00:13:36 +0000 2021	1	22					0.0
1.457843708662096e+18	1.2657809543600906e+18	Igual quiero aclarar algo, el Dipy me parece un pelotudo	Mon Nov 08 22:53:20 +0000 2021	4	22					0.0
1.6995358933405243e+18	1.288424172968915e+18	Milei serÃ¡ el Presidente que tantos aÃ±os esperamosğŸ¥¹ https://t.co/hpxXxo264H	Wed Sep 06 21:31:47 +0000 2023	406	1993					0.5
1.6994807054308682e+18	1.288424172968915e+18	"Emocionante discurso de Milei en el Latam Economic Forum. Por fin vamos a tener el Presidente que nos merecemos

ğŸŸ¡  LINK | https://t.co/u0xlfTkFSa https://t.co/xrEhdn0Kl4"	Wed Sep 06 17:52:29 +0000 2023	457	1942				http://youtu.be/SF3y142r0WU	0.16666666666666666
1.6988021599559685e+18	1.288424172968915e+18	Milei ya no se calla nada y arremetiÃ³ contra La NaciÃ³n + que no para de operarlo desde que ganÃ³ las elecciones https://t.co/Cb3Ucs39aR	Mon Sep 04 20:56:11 +0000 2023	547	2509					0.0
1.698531013905785e+18	1.288424172968915e+18	"Milei se la pudriÃ³ al medio La NaciÃ³n + que no para de operarlo desde que ganÃ³ las elecciones

ğŸŸ¡  LINK | https://t.co/1sdZ1a1uwk https://t.co/TM2bVMJZBb"	Mon Sep 04 02:58:45 +0000 2023	572	2619				http://youtu.be/BjNJaN1U-UY	0.0
1.6974171515591844e+18	1.288424172968915e+18	"""YO NO TENGO CULPA DE LAS BURRADAS QUE USTEDES TRANSMITEN""

Milei cruzÃ³ a Periodista que quiso instalar que abandonÃ³ la DolarizaciÃ³n

ğŸŸ¡  LINK | https://t.co/ft3Gu6SfCL https://t.co/xRC3Orcmb6"	Fri Sep 01 01:12:40 +0000 2023	623	2975				http://youtu.be/NaSm33HObCw	0.0
1.6974054610104732e+18	1.288424172968915e+18	"Milei le dio sus condolencias a la familia de Mariano Barbieri tras ser asesinado en el dÃ­a de hoy a manos de la delincuencia

ğŸŸ¡  LINK |  https://t.co/AoQSX6nOEY https://t.co/yAgBBhcNEY"	Fri Sep 01 00:26:12 +0000 2023	368	2162				http://youtu.be/B6-Bmo02Ono	-0.2
1.697032657803047e+18	1.288424172968915e+18	"BIENVENIDO @FlavioAzzaro ğŸ¤ğŸ»

https://t.co/G3ihSirIcC"	Wed Aug 30 23:44:49 +0000 2023	112	1073			1684855196		0.8
1.69516570131558e+18	1.288424172968915e+18	"El dÃ­a que Milei conociÃ³ a su novia FÃ¡tima FlÃ³rez. Todo pasÃ³ adelante de nuestros ojos y nunca nos dimos cuenta
 
ğŸŸ¡  LINK | https://t.co/hABX9gp5nb https://t.co/OEg6gAr03j"	Fri Aug 25 20:06:12 +0000 2023	265	2252				http://youtu.be/jMpY0Qslkgc	0.0
1.6947697637617505e+18	1.288424172968915e+18	"Milei puso los huevos frente a todos los empresarios del paÃ­s y dio uno de los mejores discursos de su vida

ğŸŸ¡  LINK | https://t.co/lZSV5XBASi https://t.co/MVpRHWLPtU"	Thu Aug 24 17:52:53 +0000 2023	1189	5507				http://youtu.be/YlTt8n8tfP0	1.0
1.6998481062531812e+18	1.2878905155815995e+18	RT @LLibertadAvanza: Una Argentina distinta es imposible con los mismos de siempre.	Thu Sep 07 18:12:24 +0000 2023	861	0			280656430		-0.2222222222222222
1.6998424451549555e+18	1.2878905155815995e+18	"La deshonestidad intelectual de los cambiemitas es muy impresionante. 

Yo puedo decir: hoy estoy en condiciones de hacer una pelÃ­cula. Pero una pelÃ­cula no la hago en un sÃ³lo dÃ­a. Decir â€œhoy se puede dolarizarâ€ no quiere decir que es un proceso de un solo dÃ­a. EspaÃ±ol bÃ¡sico.â€¦"	Thu Sep 07 17:49:55 +0000 2023	129	624					0.26267857142857143
1.6998094804252634e+18	1.2878905155815995e+18	Dear @elonmusk, please remove the hard shadowban on @JMilei, front-running people's candidate to the argentinian presidency. This shadowban was shamefully implemented by the previous twitter administration before you restructured X's staff. Thanks in advance!	Thu Sep 07 15:38:55 +0000 2023	410	1603			44196397,4020276615		-0.06944444444444446
1.6998028126688916e+18	1.2878905155815995e+18	"RT @Mileipresi2023: Sigue el shadow ban a Milei.

No solo los medios de Argentina estÃ¡n en contra, es internacional el asunto 

Cuando ganeâ€¦"	Thu Sep 07 15:12:26 +0000 2023	98	0			1076215217359597568		0.26666666666666666
1.6995707772913626e+18	1.2878905155815995e+18	RT @Santiago_Oria: ReciÃ©n conocÃ­ al news host nÃºmero 1, el gran Tucker Carlson!! Lo sigo desde sus inicios, desde sus â€œbow tie yearsâ€. La lâ€¦	Wed Sep 06 23:50:24 +0000 2023	698	0			1287890515581599748		1.0
1.6995531724007757e+18	1.2878905155815995e+18	RT @JMilei: Elon Musk apoya a Javier Milei: Tucker Carlson en Argentina https://t.co/jYfg3VHIDm vÃ­a @U24noticias	Wed Sep 06 22:40:27 +0000 2023	899	0			4020276615,76326090	https://urgente24.com/medios/elon-musk-apoya-javier-milei-tucker-carlson-argentina-n560303	0.0
1.6994392201194988e+18	1.2878905155815995e+18	RT @JMilei: VIVA LA LIBERTAD CARAJO https://t.co/7rGrqi0OGT	Wed Sep 06 15:07:38 +0000 2023	2215	0			4020276615		0.043181818181818175
1.6994172138395034e+18	1.2878905155815995e+18	VOLVIÃ“ LA MAGIA, VOLVIÃ“ LA CAMPAÃ‘A, YA ESTABA EXTRAÃ‘ANDO ESTO. VLLC! https://t.co/TqLqxMTNjF	Wed Sep 06 13:40:12 +0000 2023	453	1694					0.15
1.6998744673572908e+18	1.5340839767757496e+18	RT @JMPresidente23: Los comunistas votan comunismo, caen en la miseria y hambruna y le echan la culpa al Capitalismo ğŸ¤¡	Thu Sep 07 19:57:09 +0000 2023	534	0			1534083976775749632		0.0
1.6998744331569482e+18	1.5340839767757496e+18	RT @JMPresidente23: Estamos a solo unos meses para que el Liberal Libertario, Javier Milei @JMilei , asuma como el prÃ³ximo presidente de laâ€¦	Thu Sep 07 19:57:01 +0000 2023	280	0			1534083976775749632,4020276615		-0.06666666666666667
1.6997296861069765e+18	1.5340839767757496e+18	Los comunistas votan comunismo, caen en la miseria y hambruna y le echan la culpa al Capitalismo ğŸ¤¡	Thu Sep 07 10:21:51 +0000 2023	534	1285					0.0
1.699727340660515e+18	1.5340839767757496e+18	"Estamos a solo unos meses para que el Liberal Libertario, Javier Milei @JMilei , asuma como el prÃ³ximo presidente de la NaciÃ³n Argentina ğŸ‡¦ğŸ‡·
Vamos a sepultar al socialismo. https://t.co/jPFA83RBOp"	Thu Sep 07 10:12:32 +0000 2023	280	857			4020276615		-0.1
1.6996505376191736e+18	1.5340839767757496e+18	RT @JMPresidente23: Javier Milei @JMilei va a ser el prÃ³ximo presidente. No hay ninguna duda de eso. https://t.co/ZyoVTpha8T	Thu Sep 07 05:07:20 +0000 2023	241	0			1534083976775749632,4020276615		0.0
1.69965050020599e+18	1.5340839767757496e+18	"RT @JMPresidente23: Lo Ãºnico que hizo el socialismo por los pobres fue haberles traÃ­do suficiente compaÃ±Ã­a.
Generando cada vez mÃ¡s pobres."	Thu Sep 07 05:07:11 +0000 2023	278	0			1534083976775749632		-0.2
1.6995808717228362e+18	1.5340839767757496e+18	"RT @Santiago_Oria: *ACTUALIZACIÃ“N*
ğ‰ğ€ğ•ğˆğ„ğ‘ ğŒğˆğ‹ğ„ğˆ: ğ‹ğ€ ğ‘ğ„ğ•ğğ‹ğ”ğ‚ğˆğÌğ ğ‹ğˆğğ„ğ‘ğ€ğ‹ 
Â¡Vamos por el millÃ³n! Se agradece difusiÃ³n: https://t.co/YJaxLuG9fâ€¦"	Thu Sep 07 00:30:31 +0000 2023	205	0			1287890515581599748		0.2
1.6995798505062892e+18	1.5340839767757496e+18	"RT @JMPresidente23: MÃ­ fÃ³rmula.
Milei - Villarruel 2023 ğŸ‡¦ğŸ‡·
@JMilei @VickyVillarruel https://t.co/sq7AQJPn4Y"	Thu Sep 07 00:26:27 +0000 2023	165	0			1534083976775749632,4020276615,28266730		0.0
1.699579826384806e+18	1.5340839767757496e+18	RT @TheMittani_20: [BOMBAZO]: Tucker Carlson revelo que querÃ­a conocer a Milei: â€œNos dijo que en Estados Unidos se habla mucho de Milei, quâ€¦	Thu Sep 07 00:26:21 +0000 2023	84	0			1517618849235021824		-0.275
1.69974058229221e+18	1.2933921902579876e+18	RT @JMilei: Javier Milei: â€œLa dolarizaciÃ³n se va a hacer a precio de mercado; hoy serÃ­a a 730 pesosâ€³ - Infobae https://t.co/MX4w0uJ9WA	Thu Sep 07 11:05:09 +0000 2023	345	0			4020276615	https://www.infobae.com/politica/2023/09/06/javier-milei-la-dolarizacion-se-va-a-hacer-a-precio-de-mercado-hoy-seria-a-730/	0.0
1.699448222677111e+18	1.2933921902579876e+18	"Viva La Libertad Carajo ğŸ‡¦ğŸ‡·
Viva Javier Milei ğŸ¦ https://t.co/HccugVypv6"	Wed Sep 06 15:43:25 +0000 2023	3	43					-0.045454545454545456
1.6994470143736305e+18	1.2933921902579876e+18	"RT @Miguel_Boggiano: Victoria Villarruel hoy volviÃ³ a demostrar que es una mujer de enorme coraje y que tiene madera para ser Vice.

Sorpreâ€¦"	Wed Sep 06 15:38:37 +0000 2023	1102	0			56818132		0.0
1.699446679575888e+18	1.2933921902579876e+18	"RT @RAMIROMARRA: Excelente, vamos a lograr lo mismo en Argentina: que cada dÃ­a haya mÃ¡s millonarios.

El problema actual, es que eso solo lâ€¦"	Wed Sep 06 15:37:17 +0000 2023	834	0			68034200		0.3
1.6994466218748196e+18	1.2933921902579876e+18	"RT @Miguel_Boggiano: Solo hay 8751 desaparecidos registrados.

DespuÃ©s de tantos aÃ±os, es impensable que no se hayan encontrado los que falâ€¦"	Wed Sep 06 15:37:03 +0000 2023	1401	0			56818132		0.15
1.6994465668833446e+18	1.2933921902579876e+18	"RT @FinanzasArgy: ğŸ”¥A meses de irse, el Gobierno hace compras millonarias con sobreprecio

â­•Tolosa Paz gastÃ³ $1069 millones en frazadas queâ€¦"	Wed Sep 06 15:36:50 +0000 2023	1494	0			1251127925195378690		-0.1
1.699446544565465e+18	1.2933921902579876e+18	RT @laderechadiario: ğŸ‡¦ğŸ‡·ğŸ‡ºğŸ‡² | #Primicia El periodista mÃ¡s importante de Estados Unidos, Tucker Carlson (@TuckerCarlson) llegÃ³ a la Argentinaâ€¦	Wed Sep 06 15:36:45 +0000 2023	2570	0		Primicia	1169664359628509184,22703645		0.45
1.6994465256911547e+18	1.2933921902579876e+18	RT @JMilei: VIVA LA LIBERTAD CARAJO https://t.co/7rGrqi0OGT	Wed Sep 06 15:36:40 +0000 2023	2215	0			4020276615		0.043181818181818175
1.6992612085016538e+18	1.2933921902579876e+18	RT @laderechadiario: ğŸ‡¦ğŸ‡· | El FMI le dio el visto bueno para la dolarizaciÃ³n y y aceptÃ³ el plan de Javier Milei para ejecutarla en el paÃ­s.â€¦	Wed Sep 06 03:20:17 +0000 2023	1267	0			1169664359628509184		0.0
1.6970507415070024e+18	178756655.0	"RT @NYGBertie: QuiÃ©n me conoce, sabe q jamÃ¡s tendrÃ­a esa actitud de palurdo de cuarta, @aleberco.
Era un hombre y una mujer de Canal 7. Ambâ€¦"	Thu Aug 31 00:56:41 +0000 2023	151	0			890169140815777795,149096668		0.0
1.6970507164544655e+18	178756655.0	"RT @TraductorTeAma: . @JMilei desde 2021: el que las hace las paga. El que delinque? Preso.

Todo JxC post focus group 2023: ""El que las haâ€¦"	Thu Aug 31 00:56:35 +0000 2023	418	0			1266212657272696832,4020276615		0.0
1.696986895488602e+18	178756655.0	RT @jdoedoe101101: @AdvocacyGC Bullrich es Massa. https://t.co/yO3G9lrYYc	Wed Aug 30 20:42:59 +0000 2023	24	0			4135901687,1429575162362478608		0.0
1.6969837806893714e+18	178756655.0	RT @jdoedoe101101: Si el peronismo le cuidÃ³ los votos a Milei... de quiÃ©n se los cuidÃ³? QuiÃ©n se los querÃ­a robar que tuvieron que ser cuidâ€¦	Wed Aug 30 20:30:36 +0000 2023	423	0			4135901687		-0.1
1.6969837355838098e+18	178756655.0	"RT @TraductorTeAma: Dice la senadora de JxC que los santafesinos tienen que votar a la comunista Clara GarcÃ­a como dip provincial.
Clara esâ€¦"	Wed Aug 30 20:30:25 +0000 2023	473	0			1266212657272696832		0.10000000000000002
1.6969835764183782e+18	178756655.0	"RT @Rainier_W0lf: Los de JxC estÃ¡n a nada de decir, directamente, que van a hacer lo que propone Milei.
Primero, porque no se les cae una sâ€¦"	Wed Aug 30 20:29:47 +0000 2023	20	0			2330097281		0.175
1.6966378843363942e+18	178756655.0	"RT @AlfredoOlmedoo: @laderechadiario @jlespert Tu eras el elegido! 
DebÃ­as combatir la casta polÃ­tica no unirte a ella! 
Ibas a representarâ€¦"	Tue Aug 29 21:36:08 +0000 2023	3	0			1377996748371726337,1169664359628509184,351953986		0.0
1.696637393812554e+18	178756655.0	"RT @TraductorTeAma: Traduzco las medidas de Massa:
Entonces los burÃ³cratas del gobierno para contrarrestar los efectos de la inflaciÃ³n queâ€¦"	Tue Aug 29 21:34:11 +0000 2023	1355	0			1266212657272696832		0.0
1.6965988661900206e+18	178756655.0	"RT @Ag_Monteverde: Impresionante

Todos los periodistas a coro contra quien ganÃ³ el voto de la gente

Nunca en la historia se ha visto tantâ€¦"	Tue Aug 29 19:01:05 +0000 2023	189	0			1353382832		1.0
1.698811538197422e+18	1.5179292325460296e+18	RT @GordoChoto_: Habla la SeÃ±ora Lorenza Ferrari, madre de Laura Ferrari de 18 aÃ±os,    asesinada por un coche bomba en democracia en 1975â€¦	Mon Sep 04 21:33:27 +0000 2023	1383	0			1463988037277397000		-0.2
1.594010586182201e+18	1.5179292325460296e+18	RT @elonmusk: Reinstate former President Trump	Sat Nov 19 16:51:53 +0000 2022	213143	0			44196397		0.0
1.5273911030993592e+18	1.5179292325460296e+18	On December 11, 2023, you will have to get an honest job, @EliGAlcorta.	Thu May 19 20:49:51 +0000 2022	1	2			236458875		0.6
1.525931613099643e+18	1.5179292325460296e+18	Horacio RodrÃ­guez Larreta lied to the justice to remove the stones from Plaza de Mayo. From Freedom Advances, we make ourselves available in the face of such disrespect.	Sun May 15 20:10:21 +0000 2022	0	0					0.2
1.5259310163885957e+18	1.5179292325460296e+18	On December 11, 2023, we will close the Ministry of Women.	Sun May 15 20:07:59 +0000 2022	1	6					0.0
1.5252192832859832e+18	1.5179292325460296e+18	"The day we returned to falsify currency from the Central Bank to finance the political caste at the expense of adjusting the Argentine people through inflation.

This robbery will be over when we get to the Casa Rosada."	Fri May 13 20:59:48 +0000 2022	0	3					0.0
1.5249291647127183e+18	1.5179292325460296e+18	"They lied to you in 2015. They lied to you in 2017. They lied to you in 2019. They lied to you in 2021, and they will lie to you again in 2023.

2023 is with Milei."	Fri May 13 01:46:59 +0000 2022	0	1					0.0
1.5248389385857065e+18	1.5179292325460296e+18	The highest inflation of the last 30 years.	Thu May 12 19:48:27 +0000 2022	0	7					0.0
1.524822613926695e+18	1.5179292325460296e+18	RT @LLibertadAvanza: ğŸ¤£ğŸ¤£ https://t.co/Wu2luP4L7v	Thu May 12 18:43:35 +0000 2022	322	0			280656430		0.0
1.1380704903780596e+18	1.1019766841343876e+18	Tengo hambre y sueÃ±o. Â¿Hay algo peor?	Mon Jun 10 13:08:43 +0000 2019	1	4					-0.4
1.5215828988554854e+18	710845111.0	RT @luisricci9: #Corruptos #GobiernoCriminalCorruptoyMentiroso #CFKLadronaDeLaNacionArgentina #albertofernandez #GobiernoDeLaRuina #Argentiâ€¦	Tue May 03 20:10:07 +0000 2022	30	0		Corruptos,GobiernoCriminalCorruptoyMentiroso,CFKLadronaDeLaNacionArgentina,albertofernandez,GobiernoDeLaRuina	1270417064155590660		0.0
1.5215828911504998e+18	710845111.0	RT @gerkomalak: Que vergÃ¼enza por favor... EstÃ¡n presos y cobran sueldos! Y uno como un hdp laburando para conseguir un mango..	Tue May 03 20:10:05 +0000 2022	6	0			131268726		0.0
1.5215828842341376e+18	710845111.0	"RT @vikingo_argento: Es el COLMOOO!!!! en cualquier paÃ­s un preso..no vota, no tiene sueldo ni se le paga ""presentismo"" en un organismo pÃºbâ€¦"	Tue May 03 20:10:03 +0000 2022	8	0			562920591		0.0
1.5215828768143688e+18	710845111.0	"RT @Apolina74577866: La viuda y su banda

Fachos reventados"	Tue May 03 20:10:02 +0000 2022	14	0			1155590115839942657		0.0
1.5215828281731195e+18	710845111.0	RT @chuna888: Puajjjj	Tue May 03 20:09:50 +0000 2022	2	0			384048679		0.0
1.5215244565349868e+18	710845111.0	RT @indignadoxd: https://t.co/2ShfhIGbB9	Tue May 03 16:17:53 +0000 2022	86	0			1226879826277126144		0.0
1.5212507131580088e+18	710845111.0	RT @vivilapicante: Nos gobierna el mismÃ­simo demonio. RT si coincidÃ­s con VivÃ­ Canosa. https://t.co/gxbSZ3pWXx	Mon May 02 22:10:08 +0000 2022	92	0			1504248930489573376		0.0
1.5212314451587277e+18	710845111.0	RT @indignadoxd: https://t.co/qtQitono9y	Mon May 02 20:53:34 +0000 2022	1187	0			1226879826277126144		0.0
1.5211402488556872e+18	710845111.0	RT si estas de acuerdo. ğŸ‘Œ https://t.co/9TLvKxM9oi	Mon May 02 14:51:11 +0000 2022	726	1610					0.0
1.5211050672015114e+18	710845111.0	RT @indignadoxd: https://t.co/cpf775AOiF	Mon May 02 12:31:23 +0000 2022	100	0			1226879826277126144		0.0
1.015680905967538e+18	1.0051238069634252e+18	putaaaaaa la wea XD	Sat Jul 07 19:36:13 +0000 2018	0	0					-0.6
1.015677255866114e+18	1.0051238069634252e+18	RT @BrunoMars: Stoked to be in Poland so I can FINALLY get some new headshots! ğŸ‡µğŸ‡± https://t.co/V8Sx6OFTWB	Sat Jul 07 19:21:42 +0000 2018	1090	0			100220864	https://www.instagram.com/p/Bk8R7ziAfND/?utm_source=ig_twitter_share&igshid=1jscw3moztwm6	0.08522727272727272
1.0156747083758876e+18	1.0051238069634252e+18	RT @jeeded_: Perrie Louise Edwards is the cutest thing to ever exist https://t.co/rvIcAECCki	Sat Jul 07 19:11:35 +0000 2018	131	0			891238064147890176		0.0
1.015674679418376e+18	1.0051238069634252e+18	"RT @LittleMix: Thank you Hove, yesterday was ğŸ˜ the whole squad back together! â¤ğŸ§¡ğŸ’›ğŸ’šğŸ’™ğŸ’œ
#SummerHitsTour ğŸŒˆ
X the girls https://t.co/a3J9yzbvGA"	Sat Jul 07 19:11:28 +0000 2018	3553	0		SummerHitsTour	380399508		0.1
1.015674644773458e+18	1.0051238069634252e+18	RT @hanfrann_: Wait but Iâ€™m so shook by this @TheGabbieShow https://t.co/tU2ZPQrPfk	Sat Jul 07 19:11:20 +0000 2018	4	0			2741339891,1118585478385520641		0.0
1.008815906909315e+18	1.0051238069634252e+18	RT @LiamPayne: Câ€™mon @England ğŸ™ŒğŸ¼ #ThreeLions	Mon Jun 18 20:57:09 +0000 2018	6617	0		ThreeLions	158314798,1903382054		0.0
1.0088157861678816e+18	1.0051238069634252e+18	me podrias respondes @Paulaeal  please ? https://t.co/9QKaPhbskC	Mon Jun 18 20:56:40 +0000 2018	0	0			1062556393	https://twitter.com/Bastianguzman15/status/1005128190237511681	0.0
1.0088152933412372e+18	1.0051238069634252e+18	"RT @5SOS: 5SOS x @tumblr live in NY on 6/25 #tumblrIRL RSVP here: https://t.co/o7H0P7Q4Cg 

Weâ€™ll also be doing an #AnswerTime on 6/27 at 3â€¦"	Mon Jun 18 20:54:43 +0000 2018	5163	0		tumblrIRL,AnswerTime	264107729,52484614	http://5sostumblrirl.splashthat.com	0.13636363636363635
1.0088152701425786e+18	1.0051238069634252e+18	RT @shanedawson: There might be a surprise 2 parter up this week... ğŸ‘€ğŸ‘€ğŸ‘€ğŸ‘€ğŸ‘€	Mon Jun 18 20:54:37 +0000 2018	2161	0			18588279		0.0
1.0088152397674456e+18	1.0051238069634252e+18	"RT @paramore: visuals for #tour5 by https://t.co/KxZJS4bUz4 :))) lil bit of Fake Happy ch. 1 .
.
.
@rlumrmusic see you in there????? https:â€¦"	Mon Jun 18 20:54:30 +0000 2018	267	0		tour5	43003845	http://mkavarts.com	0.26666666666666666
6.98317282901033e+17	4238787972.0	RT @miyuki_kawaii_: ã‹ã‚ã„ã„ã€ã‚»ã‚¯ã‚·ãƒ¼ãªNMB48å…¼AKB48ã®æ¸¡è¾ºç¾å„ªç´€ã®æ°´ç€ç”»åƒã§ã™ã€‚ãœã²ãœã²ãŠæ°—ã«å…¥ã‚Šã®ç”»åƒã¯ãƒªãƒ„ã‚¤ãƒ¼ãƒˆã—ã¦ã­ï¼ï¼ https://t.co/NTQRkwUmI6	Sat Feb 13 01:26:29 +0000 2016	1	0			2655418188		0.5
6.93714165374931e+17	4238787972.0	èª°ã‹LINEã‚°ãƒ«ãƒ¼ãƒ—ã§èŠ¸èƒ½äººå°‚ç”¨ã®ã‚ã‚‹äººã„ã¾ã›ã‚“ã‹ãƒ¼ï¼Ÿ	Sun Jan 31 08:35:20 +0000 2016	0	0					0.0
6.922468258022973e+17	4238787972.0	ã€Twitterã§å¿œå‹Ÿã€‘æ¾å²¡èŒ‰å„ª ç›´ç­†ã‚µã‚¤ãƒ³å…¥ã‚Šç”Ÿå†™çœŸã‚’2åæ§˜ã«ãƒ—ãƒ¬ã‚¼ãƒ³ãƒˆ #Peachy @ld_girls https://t.co/E5kIcjdMHE	Wed Jan 27 07:24:39 +0000 2016	0	0		Peachy	87853882	http://news.livedoor.com/article/detail/11104607/	-0.23076923076923078
6.79441724427522e+17	4238787972.0	RT @nmb48_milky_: ã¿ã‚‹ããƒ¼æ¨ã—ï¼ã¿ã‚‹ããƒ¼ã®æ°´ç€ç”»åƒã‚’å³é¸ã—ã¦ãƒ„ã‚¤ãƒ¼ãƒˆã—ã¾ã™ã‚ˆã€‚ãœã²RTã®æ–¹ã‚‚ã‚ˆã‚ã—ããŠé¡˜ã„ã—ã¾ã™â™ª https://t.co/vt6aitQv87	Tue Dec 22 23:21:45 +0000 2015	2	0			2655399522		-0.1
6.794417007254569e+17	4238787972.0	RT @milky_mizugi: æ¸¡è¾ºç¾å„ªç´€æ¨ã—ï¼ã‚»ã‚¯ã‚·ãƒ¼æ°´ç€ç”»åƒä¸€è¦§ã§ã™ã€‚ã‹ã‚ã„ã„ã¿ã‚‹ããƒ¼ã®ã‹ã‚ã„ã„æ°´ç€ç”»åƒã‚’å ªèƒ½ã—ã¦ä¸‹ã•ã„â˜†ãŠå¥½ããªç”»åƒã¯RTãŠé¡˜ã„ã—ã¾ã™ï¼ï¼ https://t.co/pQkx1vGMrj	Tue Dec 22 23:21:39 +0000 2015	2	0			2655412772		0.45999999999999996
6.79440994010411e+17	4238787972.0	RT @milky_mizugi: æ¸¡è¾ºç¾å„ªç´€æ¨ã—ï¼ã‚»ã‚¯ã‚·ãƒ¼æ°´ç€ç”»åƒä¸€è¦§ã§ã™ã€‚ã‹ã‚ã„ã„ã¿ã‚‹ããƒ¼ã®ã‹ã‚ã„ã„æ°´ç€ç”»åƒã‚’å ªèƒ½ã—ã¦ä¸‹ã•ã„â˜†ãŠå¥½ããªç”»åƒã¯RTãŠé¡˜ã„ã—ã¾ã™ï¼ï¼ https://t.co/OsXxOGvsca	Tue Dec 22 23:18:51 +0000 2015	1	0			2655412772		0.45999999999999996
6.727461170842788e+17	4238787972.0	"èª­ã¿æ”¾é¡Œãƒãƒ³ã‚¬ã‚¢ãƒ—ãƒªã€Œã‚­ãƒ£ãƒ—ãƒ†ãƒ³ã€ãŒæœŸé–“é™å®šã§å…¨å·»é…ä¿¡ä¸­ï¼ä»Šã™ãç„¡æ–™ã§èª­ã‚€ã«ã¯ãƒªãƒ³ã‚¯ã‚’ã‚¿ãƒƒãƒ—ï¼
https://t.co/lVBRjQCw3D"	Fri Dec 04 11:55:47 +0000 2015	0	0				http://fullcomi.kayac.com/	0.2142857142857143
6.726625994864681e+17	4238787972.0	"ã€ã‚µãƒƒã‚«ãƒ¼ã‚«ãƒ¼ãƒ‹ãƒãƒ«ã€‘
â—†â—†â—†â—†â—†â—†â—†â—†â—†â—†
ç•™å­¦ãƒã‚±ãƒƒãƒˆ1æšã‚’GETï¼
â—†â—†â—†â—†â—†â—†â—†â—†â—†â—†
#ã‚µã‚«ã‚«ãƒ‹
#ã‚µãƒƒã‚«ãƒ¼ã‚«ãƒ¼ãƒ‹ãƒãƒ«

iOS =&gt; https://t.co/LfT7NImeuB
Android =&gt; https://t.co/85gsUczb2L"	Fri Dec 04 06:23:55 +0000 2015	0	0		ã‚µã‚«ã‚«ãƒ‹,ã‚µãƒƒã‚«ãƒ¼ã‚«ãƒ¼ãƒ‹ãƒãƒ«		https://goo.gl/qz9N1l,https://goo.gl/ZXYiwD	0.0
6.725418143315968e+17	4238787972.0	ç´ æ™´ã‚‰ã—ã„ç„¡æ–™ãªéŸ³æ¥½ã‚¢ãƒ—ãƒªãŒè¦‹ã¤ã‘ã¾ã—ãŸã‚ˆã€‚å¤§é‡ãªéŸ³æ¥½ãŒè‡ªç”±ã«èã‘ã¾ã™ã€‚æ‹›å¾…ã‚³ãƒ¼ãƒ‰ãŒccebeã§ã™ã‚ˆã€‚ä¸€ç·’ã«ã‚¤ãƒ³ã‚¹ãƒˆãƒ¼ãƒ«ã—ã¦ã¿ã¾ã™ã€‚ãƒ€ãƒ³ãƒ¼ãƒ­ãƒ‰ã®ãƒªãƒ³ã‚¯ï¼šhttps://t.co/biIFDZwpr1 https://t.co/biIFDZwpr1	Thu Dec 03 22:23:58 +0000 2015	0	0				http://www.orzmusic.link,http://www.orzmusic.link	0.6000000000000001
6.72288752861995e+17	4238787972.0	RT @milky_mizugi: æ¸¡è¾ºç¾å„ªç´€æ¨ã—ï¼ã‚»ã‚¯ã‚·ãƒ¼æ°´ç€ç”»åƒä¸€è¦§ã§ã™ã€‚ã‹ã‚ã„ã„ã¿ã‚‹ããƒ¼ã®ã‹ã‚ã„ã„æ°´ç€ç”»åƒã‚’å ªèƒ½ã—ã¦ä¸‹ã•ã„â˜†ãŠå¥½ããªç”»åƒã¯RTãŠé¡˜ã„ã—ã¾ã™ï¼ï¼ https://t.co/OVgs7jc5fH	Thu Dec 03 05:38:23 +0000 2015	2	0			2655412772		0.45999999999999996
6.707274226862653e+17	4238787972.0	RT @nmbmiyuki_love: ã€Œã¿ã‚‹ãã¨ã¿ã‚†ãã‚’æ··ãœã‚‹ã ã‘ã£â™ª ã‚ã£ã¨ã„ã†é–“ã«â€¦ã¿ã‚‹ããƒ¼!ã€ã“ã¨ã€æ¸¡è¾ºç¾å„ªç´€ã¡ã‚ƒã‚“ã®æ°´ç€ç”»åƒã‚’ãŠã¨ã©ã‘ã—ã¾ã™ã£ï¼RTã‚‚ã—ã¦ãã‚Œã‚‹ã¨å¬‰ã—ã„ã§ã™â™ª https://t.co/XS63fKOZ5z	Sat Nov 28 22:14:13 +0000 2015	1	0			2655414248		0.5
6.70727336325591e+17	4238787972.0	RT @miyuki_kawaii_: ã‹ã‚ã„ã„ã€ã‚»ã‚¯ã‚·ãƒ¼ãªNMB48å…¼AKB48ã®æ¸¡è¾ºç¾å„ªç´€ã®æ°´ç€ç”»åƒã§ã™ã€‚ãœã²ãœã²ãŠæ°—ã«å…¥ã‚Šã®ç”»åƒã¯ãƒªãƒ„ã‚¤ãƒ¼ãƒˆã—ã¦ã­ï¼ï¼ https://t.co/P04iMnKjvC	Sat Nov 28 22:13:53 +0000 2015	2	0			2655418188		0.5
6.705011271718953e+17	4238787972.0	"RT @mirukyi_BOT: ã‚¨ã‚¢ã‚µã‚¤ãƒ³ä¼šï¼ˆÂ´-`ï¼‰.ï½¡oOï¼ˆç¬‘

å¥½ãã«å¦„æƒ³ã—ã¦ãã ã•ã„(ãƒ»Ï‰ãƒ»)ãƒ https://t.co/L6Ak6RCBBF"	Sat Nov 28 07:15:00 +0000 2015	1	0					0.5
6.692762068779377e+17	4238787972.0	RT @nmb48_milky_: ã¿ã‚‹ããƒ¼æ¨ã—ï¼ã¿ã‚‹ããƒ¼ã®æ°´ç€ç”»åƒã‚’å³é¸ã—ã¦ãƒ„ã‚¤ãƒ¼ãƒˆã—ã¾ã™ã‚ˆã€‚ãœã²RTã®æ–¹ã‚‚ã‚ˆã‚ã—ããŠé¡˜ã„ã—ã¾ã™â™ª https://t.co/TWywYxqEEb	Tue Nov 24 22:07:36 +0000 2015	1	0			2655399522		-0.1
6.692761956161946e+17	4238787972.0	RT @nmb48_milky_: ã¿ã‚‹ããƒ¼æ¨ã—ï¼ã¿ã‚‹ããƒ¼ã®æ°´ç€ç”»åƒã‚’å³é¸ã—ã¦ãƒ„ã‚¤ãƒ¼ãƒˆã—ã¾ã™ã‚ˆã€‚ãœã²RTã®æ–¹ã‚‚ã‚ˆã‚ã—ããŠé¡˜ã„ã—ã¾ã™â™ª https://t.co/riefnoPAUn	Tue Nov 24 22:07:34 +0000 2015	3	0			2655399522		-0.1
6.692761523771392e+17	4238787972.0	RT @nmbmiyuki_love: ã€Œã¿ã‚‹ãã¨ã¿ã‚†ãã‚’æ··ãœã‚‹ã ã‘ã£â™ª ã‚ã£ã¨ã„ã†é–“ã«â€¦ã¿ã‚‹ããƒ¼!ã€ã“ã¨ã€æ¸¡è¾ºç¾å„ªç´€ã¡ã‚ƒã‚“ã®æ°´ç€ç”»åƒã‚’ãŠã¨ã©ã‘ã—ã¾ã™ã£ï¼RTã‚‚ã—ã¦ãã‚Œã‚‹ã¨å¬‰ã—ã„ã§ã™â™ª https://t.co/w1zAf5jf2l	Tue Nov 24 22:07:23 +0000 2015	1	0			2655414248		0.5
6.692761350882386e+17	4238787972.0	RT @miyuki_kawaii_: ã‹ã‚ã„ã„ã€ã‚»ã‚¯ã‚·ãƒ¼ãªNMB48å…¼AKB48ã®æ¸¡è¾ºç¾å„ªç´€ã®æ°´ç€ç”»åƒã§ã™ã€‚ãœã²ãœã²ãŠæ°—ã«å…¥ã‚Šã®ç”»åƒã¯ãƒªãƒ„ã‚¤ãƒ¼ãƒˆã—ã¦ã­ï¼ï¼ https://t.co/XFPqcDpKjX	Tue Nov 24 22:07:19 +0000 2015	1	0			2655418188		0.5
6.687072701469655e+17	4238787972.0	RT @milky_mizugi: æ¸¡è¾ºç¾å„ªç´€æ¨ã—ï¼ã‚»ã‚¯ã‚·ãƒ¼æ°´ç€ç”»åƒä¸€è¦§ã§ã™ã€‚ã‹ã‚ã„ã„ã¿ã‚‹ããƒ¼ã®ã‹ã‚ã„ã„æ°´ç€ç”»åƒã‚’å ªèƒ½ã—ã¦ä¸‹ã•ã„â˜†ãŠå¥½ããªç”»åƒã¯RTãŠé¡˜ã„ã—ã¾ã™ï¼ï¼ https://t.co/pQkx1vGMrj	Mon Nov 23 08:26:51 +0000 2015	1	0			2655412772		0.45999999999999996
6.687069261510779e+17	4238787972.0	RT @nmbmiyuki_love: ã€Œã¿ã‚‹ãã¨ã¿ã‚†ãã‚’æ··ãœã‚‹ã ã‘ã£â™ª ã‚ã£ã¨ã„ã†é–“ã«â€¦ã¿ã‚‹ããƒ¼!ã€ã“ã¨ã€æ¸¡è¾ºç¾å„ªç´€ã¡ã‚ƒã‚“ã®æ°´ç€ç”»åƒã‚’ãŠã¨ã©ã‘ã—ã¾ã™ã£ï¼RTã‚‚ã—ã¦ãã‚Œã‚‹ã¨å¬‰ã—ã„ã§ã™â™ª https://t.co/YYv4w6gwIJ	Mon Nov 23 08:25:29 +0000 2015	1	0			2655414248		0.5
6.674708249121956e+17	4238787972.0	RT @miyuki_kawaii_: ã‹ã‚ã„ã„ã€ã‚»ã‚¯ã‚·ãƒ¼ãªNMB48å…¼AKB48ã®æ¸¡è¾ºç¾å„ªç´€ã®æ°´ç€ç”»åƒã§ã™ã€‚ãœã²ãœã²ãŠæ°—ã«å…¥ã‚Šã®ç”»åƒã¯ãƒªãƒ„ã‚¤ãƒ¼ãƒˆã—ã¦ã­ï¼ï¼ https://t.co/NTQRkwUmI6	Thu Nov 19 22:33:40 +0000 2015	1	0			2655418188		0.5
6.674707236995031e+17	4238787972.0	RT @nmbmiyuki_love: ã€Œã¿ã‚‹ãã¨ã¿ã‚†ãã‚’æ··ãœã‚‹ã ã‘ã£â™ª ã‚ã£ã¨ã„ã†é–“ã«â€¦ã¿ã‚‹ããƒ¼!ã€ã“ã¨ã€æ¸¡è¾ºç¾å„ªç´€ã¡ã‚ƒã‚“ã®æ°´ç€ç”»åƒã‚’ãŠã¨ã©ã‘ã—ã¾ã™ã£ï¼RTã‚‚ã—ã¦ãã‚Œã‚‹ã¨å¬‰ã—ã„ã§ã™â™ª https://t.co/oxlKaQZswS	Thu Nov 19 22:33:16 +0000 2015	1	0			2655414248		0.5
6.674706651260109e+17	4238787972.0	RT @miyuki_kawaii_: ã‹ã‚ã„ã„ã€ã‚»ã‚¯ã‚·ãƒ¼ãªNMB48å…¼AKB48ã®æ¸¡è¾ºç¾å„ªç´€ã®æ°´ç€ç”»åƒã§ã™ã€‚ãœã²ãœã²ãŠæ°—ã«å…¥ã‚Šã®ç”»åƒã¯ãƒªãƒ„ã‚¤ãƒ¼ãƒˆã—ã¦ã­ï¼ï¼ https://t.co/XFPqcDpKjX	Thu Nov 19 22:33:02 +0000 2015	2	0			2655418188		0.5
6.674706497832714e+17	4238787972.0	RT @nmbmiyuki_love: ã€Œã¿ã‚‹ãã¨ã¿ã‚†ãã‚’æ··ãœã‚‹ã ã‘ã£â™ª ã‚ã£ã¨ã„ã†é–“ã«â€¦ã¿ã‚‹ããƒ¼!ã€ã“ã¨ã€æ¸¡è¾ºç¾å„ªç´€ã¡ã‚ƒã‚“ã®æ°´ç€ç”»åƒã‚’ãŠã¨ã©ã‘ã—ã¾ã™ã£ï¼RTã‚‚ã—ã¦ãã‚Œã‚‹ã¨å¬‰ã—ã„ã§ã™â™ª https://t.co/w1zAf5jf2l	Thu Nov 19 22:32:58 +0000 2015	2	0			2655414248		0.5
6.674705854048952e+17	4238787972.0	RT @milky_mizugi: æ¸¡è¾ºç¾å„ªç´€æ¨ã—ï¼ã‚»ã‚¯ã‚·ãƒ¼æ°´ç€ç”»åƒä¸€è¦§ã§ã™ã€‚ã‹ã‚ã„ã„ã¿ã‚‹ããƒ¼ã®ã‹ã‚ã„ã„æ°´ç€ç”»åƒã‚’å ªèƒ½ã—ã¦ä¸‹ã•ã„â˜†ãŠå¥½ããªç”»åƒã¯RTãŠé¡˜ã„ã—ã¾ã™ï¼ï¼ https://t.co/XJIQL9BmmD	Thu Nov 19 22:32:43 +0000 2015	1	0			2655412772		0.45999999999999996
6.674705020514836e+17	4238787972.0	"RT @mirukyi_BOT: ãŠä»•äº‹çµ‚ã‚ã‚Šã€ã“ã‚Œã‹ã‚‰å¸°ã‚Šã¾ã™(ãƒ»Ï‰ãƒ»)ãƒ

ãŠãããªã£ã¡ã‚ƒã£ãŸã—ç„¼ãè‚‰ãŠã‚ãšã‘ã‹ï¼ˆÂ´-`ï¼‰.ï½¡oOï¼ˆâ™¡ç¬‘ https://t.co/f3U8kajvvo"	Thu Nov 19 22:32:23 +0000 2015	1	0					0.8
6.67470481507795e+17	4238787972.0	RT @nmb48_milky_: ã¿ã‚‹ããƒ¼æ¨ã—ï¼ã¿ã‚‹ããƒ¼ã®æ°´ç€ç”»åƒã‚’å³é¸ã—ã¦ãƒ„ã‚¤ãƒ¼ãƒˆã—ã¾ã™ã‚ˆã€‚ãœã²RTã®æ–¹ã‚‚ã‚ˆã‚ã—ããŠé¡˜ã„ã—ã¾ã™â™ª https://t.co/TGaINKVhEd	Thu Nov 19 22:32:18 +0000 2015	2	0			2655399522		-0.1
6.674704295948452e+17	4238787972.0	RT @miyuki_kawaii_: ã‹ã‚ã„ã„ã€ã‚»ã‚¯ã‚·ãƒ¼ãªNMB48å…¼AKB48ã®æ¸¡è¾ºç¾å„ªç´€ã®æ°´ç€ç”»åƒã§ã™ã€‚ãœã²ãœã²ãŠæ°—ã«å…¥ã‚Šã®ç”»åƒã¯ãƒªãƒ„ã‚¤ãƒ¼ãƒˆã—ã¦ã­ï¼ï¼ https://t.co/mAlXIkv7ka	Thu Nov 19 22:32:06 +0000 2015	1	0			2655418188		0.5
6.672941722194698e+17	4238787972.0	ãƒ™ã‚¹ãƒ’ãƒˆã¿ã‚‹ããƒ¼ã§ãŸãƒ¼	Thu Nov 19 10:51:43 +0000 2015	0	0					0.0
6.67101881844392e+17	4238787972.0	RT @milky_mizugi: æ¸¡è¾ºç¾å„ªç´€æ¨ã—ï¼ã‚»ã‚¯ã‚·ãƒ¼æ°´ç€ç”»åƒä¸€è¦§ã§ã™ã€‚ã‹ã‚ã„ã„ã¿ã‚‹ããƒ¼ã®ã‹ã‚ã„ã„æ°´ç€ç”»åƒã‚’å ªèƒ½ã—ã¦ä¸‹ã•ã„â˜†ãŠå¥½ããªç”»åƒã¯RTãŠé¡˜ã„ã—ã¾ã™ï¼ï¼ https://t.co/raqQnaT739	Wed Nov 18 22:07:37 +0000 2015	3	0			2655412772		0.45999999999999996
6.671018358706258e+17	4238787972.0	RT @miyuki_kawaii_: ã‹ã‚ã„ã„ã€ã‚»ã‚¯ã‚·ãƒ¼ãªNMB48å…¼AKB48ã®æ¸¡è¾ºç¾å„ªç´€ã®æ°´ç€ç”»åƒã§ã™ã€‚ãœã²ãœã²ãŠæ°—ã«å…¥ã‚Šã®ç”»åƒã¯ãƒªãƒ„ã‚¤ãƒ¼ãƒˆã—ã¦ã­ï¼ï¼ https://t.co/zWuqRnIdeu	Wed Nov 18 22:07:26 +0000 2015	1	0			2655418188		0.5
6.671018152766341e+17	4238787972.0	RT @nmb48_milky_: ã¿ã‚‹ããƒ¼æ¨ã—ï¼ã¿ã‚‹ããƒ¼ã®æ°´ç€ç”»åƒã‚’å³é¸ã—ã¦ãƒ„ã‚¤ãƒ¼ãƒˆã—ã¾ã™ã‚ˆã€‚ãœã²RTã®æ–¹ã‚‚ã‚ˆã‚ã—ããŠé¡˜ã„ã—ã¾ã™â™ª https://t.co/vt6aitQv87	Wed Nov 18 22:07:21 +0000 2015	1	0			2655399522		-0.1
6.671017988517028e+17	4238787972.0	RT @milky_mizugi: æ¸¡è¾ºç¾å„ªç´€æ¨ã—ï¼ã‚»ã‚¯ã‚·ãƒ¼æ°´ç€ç”»åƒä¸€è¦§ã§ã™ã€‚ã‹ã‚ã„ã„ã¿ã‚‹ããƒ¼ã®ã‹ã‚ã„ã„æ°´ç€ç”»åƒã‚’å ªèƒ½ã—ã¦ä¸‹ã•ã„â˜†ãŠå¥½ããªç”»åƒã¯RTãŠé¡˜ã„ã—ã¾ã™ï¼ï¼ https://t.co/yBT8juBjOu	Wed Nov 18 22:07:17 +0000 2015	2	0			2655412772		0.45999999999999996
6.671017705737462e+17	4238787972.0	RT @miyuki_kawaii_: ã‹ã‚ã„ã„ã€ã‚»ã‚¯ã‚·ãƒ¼ãªNMB48å…¼AKB48ã®æ¸¡è¾ºç¾å„ªç´€ã®æ°´ç€ç”»åƒã§ã™ã€‚ãœã²ãœã²ãŠæ°—ã«å…¥ã‚Šã®ç”»åƒã¯ãƒªãƒ„ã‚¤ãƒ¼ãƒˆã—ã¦ã­ï¼ï¼ https://t.co/PBk7ecpUCm	Wed Nov 18 22:07:10 +0000 2015	1	0			2655418188		0.5
6.671015017775391e+17	4238787972.0	RT @nmb48_milky_: ã¿ã‚‹ããƒ¼æ¨ã—ï¼ã¿ã‚‹ããƒ¼ã®æ°´ç€ç”»åƒã‚’å³é¸ã—ã¦ãƒ„ã‚¤ãƒ¼ãƒˆã—ã¾ã™ã‚ˆã€‚ãœã²RTã®æ–¹ã‚‚ã‚ˆã‚ã—ããŠé¡˜ã„ã—ã¾ã™â™ª https://t.co/TGaINKVhEd	Wed Nov 18 22:06:06 +0000 2015	1	0			2655399522		-0.1
6.671013579884462e+17	4238787972.0	RT @nmb48_milky_: ã¿ã‚‹ããƒ¼æ¨ã—ï¼ã¿ã‚‹ããƒ¼ã®æ°´ç€ç”»åƒã‚’å³é¸ã—ã¦ãƒ„ã‚¤ãƒ¼ãƒˆã—ã¾ã™ã‚ˆã€‚ãœã²RTã®æ–¹ã‚‚ã‚ˆã‚ã—ããŠé¡˜ã„ã—ã¾ã™â™ª https://t.co/TWywYxqEEb	Wed Nov 18 22:05:32 +0000 2015	2	0			2655399522		-0.1
6.667447346693652e+17	4238787972.0	RT @nmbmiyuki_love: ã€Œã¿ã‚‹ãã¨ã¿ã‚†ãã‚’æ··ãœã‚‹ã ã‘ã£â™ª ã‚ã£ã¨ã„ã†é–“ã«â€¦ã¿ã‚‹ããƒ¼!ã€ã“ã¨ã€æ¸¡è¾ºç¾å„ªç´€ã¡ã‚ƒã‚“ã®æ°´ç€ç”»åƒã‚’ãŠã¨ã©ã‘ã—ã¾ã™ã£ï¼RTã‚‚ã—ã¦ãã‚Œã‚‹ã¨å¬‰ã—ã„ã§ã™â™ª https://t.co/saIEFRCqXD	Tue Nov 17 22:28:26 +0000 2015	1	0			2655414248		0.8
6.667446888634122e+17	4238787972.0	RT @nmb48_milky_: ã¿ã‚‹ããƒ¼æ¨ã—ï¼ã¿ã‚‹ããƒ¼ã®æ°´ç€ç”»åƒã‚’å³é¸ã—ã¦ãƒ„ã‚¤ãƒ¼ãƒˆã—ã¾ã™ã‚ˆã€‚ãœã²RTã®æ–¹ã‚‚ã‚ˆã‚ã—ããŠé¡˜ã„ã—ã¾ã™â™ª https://t.co/w70TWtNqp1	Tue Nov 17 22:28:15 +0000 2015	1	0			2655399522		-0.1
6.667444803771269e+17	4238787972.0	"RT @_hmyx: ã“ã‚“ã«ã¡ã¯ï¼

å®Ÿã¯ä»Šæ—¥ã‹ã‚‰ã¦ã™ã¨ãªã‚“ã§ã™ã€‚
ã„ã‚ã‚“ãªæ„å‘³ã§ä»Šæ—¥æ¥ã¦ã»ã—ããªã‹ã£ãŸï¼ˆç¬‘ï¼‰

ä»Šæ—¥ã‚‚ãŠç–²ã‚Œæ§˜ã§ã—ãŸğŸ˜‘ https://t.co/SvHn7IdYt2"	Tue Nov 17 22:27:26 +0000 2015	1	0			2791743906		0.06944444444444443
6.667441711520195e+17	4238787972.0	RT @honwakaytv: å…ˆé€±é‡‘æ›œæ—¥ã®ã»ã‚“ã‚ã‹ãƒ†ãƒ¬ãƒ“ã‚’ä»Šå¤œå†æ”¾é€ï¼ãã‚‡ã†ç«æ›œæ—¥æ·±å¤œï¼’ï¼–æ™‚åŠéã(æ—¥ä»˜çš„ã«ã¯ï¼‘ï¼˜æ—¥æ°´æ›œæ—¥)ã‹ã‚‰ï¼ä¸‰å§‰å¦¹ã®æœ«ã£å­ãŒåŠ‡çš„å¤‰åŒ–ã®ã€Œã‚ã‚“ãŸã¯ã‚³ãƒ¼ãƒ‡ã­ãƒ¼ã¨ã€ã€ç·é¡ï¼’ï¼“å„„å††ã‚´ãƒ¼ã‚¸ãƒ£ã‚¹ç‰©ä»¶ãŒæ¿€å®‰ãƒ¯ã‚±ã‚ã‚Šç‰©ä»¶ã«ï¼è¦‹é€ƒã—ãŸæ–¹ã‚‚è¦‹ãŸæ–¹ã‚‚å†ãƒã‚§ãƒƒã‚¯ï¼ https:â€¦	Tue Nov 17 22:26:12 +0000 2015	110	0			3606233657		0.16666666666666666
6.665437374686536e+17	4238787972.0	RT @milky_mizugi: æ¸¡è¾ºç¾å„ªç´€æ¨ã—ï¼ã‚»ã‚¯ã‚·ãƒ¼æ°´ç€ç”»åƒä¸€è¦§ã§ã™ã€‚ã‹ã‚ã„ã„ã¿ã‚‹ããƒ¼ã®ã‹ã‚ã„ã„æ°´ç€ç”»åƒã‚’å ªèƒ½ã—ã¦ä¸‹ã•ã„â˜†ãŠå¥½ããªç”»åƒã¯RTãŠé¡˜ã„ã—ã¾ã™ï¼ï¼ https://t.co/XkHisCKvof	Tue Nov 17 09:09:45 +0000 2015	2	0			2655412772		0.45999999999999996
6.658996659723018e+17	4238787972.0	RT @miyuki_kawaii_: ã‹ã‚ã„ã„ã€ã‚»ã‚¯ã‚·ãƒ¼ãªNMB48å…¼AKB48ã®æ¸¡è¾ºç¾å„ªç´€ã®æ°´ç€ç”»åƒã§ã™ã€‚ãœã²ãœã²ãŠæ°—ã«å…¥ã‚Šã®ç”»åƒã¯ãƒªãƒ„ã‚¤ãƒ¼ãƒˆã—ã¦ã­ï¼ï¼ https://t.co/zWuqRnIdeu	Sun Nov 15 14:30:26 +0000 2015	1	0			2655418188		0.5
6.65899635211309e+17	4238787972.0	RT @milky_mizugi: æ¸¡è¾ºç¾å„ªç´€æ¨ã—ï¼ã‚»ã‚¯ã‚·ãƒ¼æ°´ç€ç”»åƒä¸€è¦§ã§ã™ã€‚ã‹ã‚ã„ã„ã¿ã‚‹ããƒ¼ã®ã‹ã‚ã„ã„æ°´ç€ç”»åƒã‚’å ªèƒ½ã—ã¦ä¸‹ã•ã„â˜†ãŠå¥½ããªç”»åƒã¯RTãŠé¡˜ã„ã—ã¾ã™ï¼ï¼ https://t.co/q3f8BfjRhT	Sun Nov 15 14:30:19 +0000 2015	1	0			2655412772		0.45999999999999996
6.658996190632141e+17	4238787972.0	RT @miyuki_kawaii_: ã‹ã‚ã„ã„ã€ã‚»ã‚¯ã‚·ãƒ¼ãªNMB48å…¼AKB48ã®æ¸¡è¾ºç¾å„ªç´€ã®æ°´ç€ç”»åƒã§ã™ã€‚ãœã²ãœã²ãŠæ°—ã«å…¥ã‚Šã®ç”»åƒã¯ãƒªãƒ„ã‚¤ãƒ¼ãƒˆã—ã¦ã­ï¼ï¼ https://t.co/Qeh1rGa2tF	Sun Nov 15 14:30:15 +0000 2015	1	0			2655418188		0.5
6.658995891158835e+17	4238787972.0	RT @milky_mizugi: æ¸¡è¾ºç¾å„ªç´€æ¨ã—ï¼ã‚»ã‚¯ã‚·ãƒ¼æ°´ç€ç”»åƒä¸€è¦§ã§ã™ã€‚ã‹ã‚ã„ã„ã¿ã‚‹ããƒ¼ã®ã‹ã‚ã„ã„æ°´ç€ç”»åƒã‚’å ªèƒ½ã—ã¦ä¸‹ã•ã„â˜†ãŠå¥½ããªç”»åƒã¯RTãŠé¡˜ã„ã—ã¾ã™ï¼ï¼ https://t.co/yBT8juBjOu	Sun Nov 15 14:30:08 +0000 2015	1	0			2655412772		0.45999999999999996
6.658995615635251e+17	4238787972.0	"RT @mirukyi_BOT: ã“ã‚Œã„ã„ã§ã—ã‚‡â™¡

ã‚ã£ã’ãªãƒ¼ã„(ãƒ»Ï‰ãƒ»)ãƒç¬‘ https://t.co/QbhyIsqGzp"	Sun Nov 15 14:30:01 +0000 2015	1	0					0.75
6.658301419357512e+17	4238787972.0	RT @nmbmiyuki_love: ã€Œã¿ã‚‹ãã¨ã¿ã‚†ãã‚’æ··ãœã‚‹ã ã‘ã£â™ª ã‚ã£ã¨ã„ã†é–“ã«â€¦ã¿ã‚‹ããƒ¼!ã€ã“ã¨ã€æ¸¡è¾ºç¾å„ªç´€ã¡ã‚ƒã‚“ã®æ°´ç€ç”»åƒã‚’ãŠã¨ã©ã‘ã—ã¾ã™ã£ï¼RTã‚‚ã—ã¦ãã‚Œã‚‹ã¨å¬‰ã—ã„ã§ã™â™ª https://t.co/MEiYB6zwsP	Sun Nov 15 09:54:11 +0000 2015	1	0			2655414248		0.5
6.658300906184417e+17	4238787972.0	RT @nmbmiyuki_love: ã€Œã¿ã‚‹ãã¨ã¿ã‚†ãã‚’æ··ãœã‚‹ã ã‘ã£â™ª ã‚ã£ã¨ã„ã†é–“ã«â€¦ã¿ã‚‹ããƒ¼!ã€ã“ã¨ã€æ¸¡è¾ºç¾å„ªç´€ã¡ã‚ƒã‚“ã®æ°´ç€ç”»åƒã‚’ãŠã¨ã©ã‘ã—ã¾ã™ã£ï¼RTã‚‚ã—ã¦ãã‚Œã‚‹ã¨å¬‰ã—ã„ã§ã™â™ª https://t.co/th3w3eLG6d	Sun Nov 15 09:53:58 +0000 2015	1	0			2655414248		0.5
6.658299837811302e+17	4238787972.0	RT @milky_mizugi: æ¸¡è¾ºç¾å„ªç´€æ¨ã—ï¼ã‚»ã‚¯ã‚·ãƒ¼æ°´ç€ç”»åƒä¸€è¦§ã§ã™ã€‚ã‹ã‚ã„ã„ã¿ã‚‹ããƒ¼ã®ã‹ã‚ã„ã„æ°´ç€ç”»åƒã‚’å ªèƒ½ã—ã¦ä¸‹ã•ã„â˜†ãŠå¥½ããªç”»åƒã¯RTãŠé¡˜ã„ã—ã¾ã™ï¼ï¼ https://t.co/UbGSXqIudH	Sun Nov 15 09:53:33 +0000 2015	2	0			2655412772		0.45999999999999996
6.656540356895498e+17	4238787972.0	RT @nmb48_milky_: ã¿ã‚‹ããƒ¼æ¨ã—ï¼ã¿ã‚‹ããƒ¼ã®æ°´ç€ç”»åƒã‚’å³é¸ã—ã¦ãƒ„ã‚¤ãƒ¼ãƒˆã—ã¾ã™ã‚ˆã€‚ãœã²RTã®æ–¹ã‚‚ã‚ˆã‚ã—ããŠé¡˜ã„ã—ã¾ã™â™ª https://t.co/Xhg8OxKvbq	Sat Nov 14 22:14:24 +0000 2015	1	0			2655399522		-0.1
1.689227310564528e+18	1.422549951272325e+18	RT @EgitoJuniior: Cartoon Network please let's make dolls together https://t.co/44RmkjHhfX	Wed Aug 09 10:49:09 +0000 2023	6525	0			1096628880226570242		0.0
1.6892272873784156e+18	1.422549951272325e+18	"RT @EgitoJuniior: Here's Bubbles, y'all. I know how much you guys wanted it, and believe me, I did too, but I had to make it right.ğŸ«§

Bubblâ€¦"	Wed Aug 09 10:49:04 +0000 2023	170	0			1096628880226570242		0.2
1.677739584212312e+18	1.6771899725650616e+18	"@sergiomediotero Graciela que tal buenas tardes ğŸ‘‹
Brindanos tu nÃºmero de contacto y un asesor Se pondrÃ¡ en comunicaciÃ³n con usted muchas https://t.co/ArxWjNrAlk"	Sat Jul 08 18:01:02 +0000 2023	0	0			2849449656	http://gracias.xn--ual-gla.com	0.3499999999999999
1.6777275089704714e+18	1.6771899725650616e+18	"@gabodcpli Graciela que tal buenas tardes ğŸ‘‹
Brindanos tu nÃºmero de contacto y un asesor Se pondrÃ¡ en comunicaciÃ³n con usted muchas https://t.co/ArxWjNrAlk"	Sat Jul 08 17:13:03 +0000 2023	0	0			1662868092123328516	http://gracias.xn--ual-gla.com	0.6
1.6777268071921336e+18	1.6771899725650616e+18	"@Nutri_Daniel Graciela que tal buenas tardes ğŸ‘‹
Brindanos tu nÃºmero de contacto y un asesor Se pondrÃ¡ en comunicaciÃ³n con usted muchas https://t.co/ArxWjNrAlk"	Sat Jul 08 17:10:16 +0000 2023	0	0			3870010583	http://gracias.xn--ual-gla.com	0.6
1.677708891537244e+18	1.6771899725650616e+18	@MMahmondÂ¡Â¡Hola ğŸ‘‹ cÃ³mo estÃ¡s recordÃ¡ que somos una plataforma habilitada para derivarte al centro de atenciÃ³n al cliente brindarlos tu dni para cargarlo en nuestro sistema y poder brindarte una atenciÃ³n al cliente https://t.co/sPSsWtv19r	Sat Jul 08 15:59:04 +0000 2023	0	0			1979153540	http://personalizada.xn--ual-gla.com	0.2
1.6777065833026107e+18	1.6771899725650616e+18	@MMahmond Â¡Â¡Hola ğŸ‘‹ cÃ³mo estÃ¡s recordÃ¡ que somos una plataforma habilitada para derivarte al centro de atenciÃ³n al cliente brindarlos tu dni para cargarlo en nuestro sistema y poder brindarte una atenciÃ³n al cliente https://t.co/sPSsWtv19r	Sat Jul 08 15:49:54 +0000 2023	0	0			1979153540	http://personalizada.xn--ual-gla.com	0.2
1.6777062985094676e+18	1.6771899725650616e+18	@MBouttiti Â¡Â¡Hola ğŸ‘‹ cÃ³mo estÃ¡s recordÃ¡ que somos una plataforma habilitada para derivarte al centro de atenciÃ³n al cliente brindarlos tu dni para cargarlo en nuestro sistema y poder brindarte una atenciÃ³n al cliente https://t.co/sPSsWtv19r	Sat Jul 08 15:48:46 +0000 2023	0	0			1202147938077683712	http://personalizada.xn--ual-gla.com	0.2
1.677706115537154e+18	1.6771899725650616e+18	@PameTraian Â¡Â¡Hola ğŸ‘‹ cÃ³mo estÃ¡s recordÃ¡ que somos una plataforma habilitada para derivarte al centro de atenciÃ³n al cliente brindarlos tu dni para cargarlo en nuestro sistema y poder brindarte una atenciÃ³n al cliente https://t.co/sPSsWtv19r	Sat Jul 08 15:48:02 +0000 2023	0	0			1646985986700607488	http://personalizada.xn--ual-gla.com	0.2
1.677527979553849e+18	1.6771899725650616e+18	@maisapola2003 Â¡Â¡Hola ğŸ‘‹ cÃ³mo estÃ¡s recordÃ¡ que somos una plataforma habilitada para derivarte al centro de atenciÃ³n al cliente brindarlos tu dni para cargarlo en nuestro sistema y poder brindarte una atenciÃ³n al cliente https://t.co/sPSsWtv19r	Sat Jul 08 04:00:11 +0000 2023	0	0			1664702287594377224	http://personalizada.xn--ual-gla.com	0.2
1.6775266106044334e+18	1.6771899725650616e+18	@mmahikol Â¡Â¡Hola ğŸ‘‹ cÃ³mo estÃ¡s recordÃ¡ que somos una plataforma habilitada para derivarte al centro de atenciÃ³n al cliente brindarlos tu dni para cargarlo en nuestro sistema y poder brindarte una atenciÃ³n al cliente https://t.co/sPSsWtv19r	Sat Jul 08 03:54:45 +0000 2023	0	0			1402505899	http://personalizada.xn--ual-gla.com	0.2
1.6775264473788416e+18	1.6771899725650616e+18	@NicoCortesC5 Â¡Â¡Hola ğŸ‘‹ cÃ³mo estÃ¡s recordÃ¡ que somos una plataforma habilitada para derivarte al centro de atenciÃ³n al cliente brindarlos tu dni para cargarlo en nuestro sistema y poder brindarte una atenciÃ³n al cliente https://t.co/sPSsWtv19r	Sat Jul 08 03:54:06 +0000 2023	0	0			1687198711	http://personalizada.xn--ual-gla.com	0.2
1.6775261651566592e+18	1.6771899725650616e+18	@LaOjeraConCara Â¡Â¡Hola ğŸ‘‹ cÃ³mo estÃ¡s recordÃ¡ que somos una plataforma habilitada para derivarte al centro de atenciÃ³n al cliente brindarlos tu dni para cargarlo en nuestro sistema y poder brindarte una atenciÃ³n al cliente https://t.co/sPSsWtv19r	Sat Jul 08 03:52:59 +0000 2023	0	0			1219984052436054017	http://personalizada.xn--ual-gla.com	0.2
1.6775259140269015e+18	1.6771899725650616e+18	@_pedrup Â¡Â¡Hola ğŸ‘‹ cÃ³mo estÃ¡s recordÃ¡ que somos una plataforma habilitada para derivarte al centro de atenciÃ³n al cliente brindarlos tu dni para cargarlo en nuestro sistema y poder brindarte una atenciÃ³n al cliente https://t.co/sPSsWtv19r	Sat Jul 08 03:51:59 +0000 2023	0	0			816492771989213188	http://personalizada.xn--ual-gla.com	0.2
1.6775253765520384e+18	1.6771899725650616e+18	@NicoCortesC5 hola cÃ³mo estÃ¡s recordÃ¡ que somos una plataforma habilitada para derivarte el centro de atenciÃ³n al cliente brindarnos tu dni para cargarlo en nuestro sistema y poder brindarte una atenciÃ³n al cliente personalizada https://t.co/vzzpliwPfM	Sat Jul 08 03:49:51 +0000 2023	0	0			1687198711	http://xn--ual-gla.com	0.2
1.6775250937217024e+18	1.6771899725650616e+18	@NicoCortesC5 hola ğŸ‘‹, como estÃ¡s	Sat Jul 08 03:48:43 +0000 2023	0	0			1687198711		0.0
1.6774505766641743e+18	1.6771899725650616e+18	@AyluDifeo Hola! Te escribimos por mensaje directo para poder verificar tu caso. RecordÃ¡ que nuestra cuenta se encuentra  en Twitter. ğŸ˜‰ Â¡Te esperamos https://t.co/vzzpliwPfM	Fri Jul 07 22:52:37 +0000 2023	0	0			320965134	http://xn--ual-gla.com	0.1
1.677450286749606e+18	1.6771899725650616e+18	@RamirooFlores Hola! Te escribimos por mensaje directo para poder verificar tu caso. RecordÃ¡ que nuestra cuenta se encuentra  en Twitter. ğŸ˜‰ Â¡Te esperamos https://t.co/vzzpliwPfM	Fri Jul 07 22:51:28 +0000 2023	0	0			2466784068	http://xn--ual-gla.com	0.1
1.6774500784437166e+18	1.6771899725650616e+18	@fmechamir Hola! Te escribimos por mensaje directo para poder verificar tu caso. RecordÃ¡ que nuestra cuenta se encuentra  en Twitter. ğŸ˜‰ Â¡Te esperamos https://t.co/vzzpliwPfM	Fri Jul 07 22:50:38 +0000 2023	0	0			1379783666	http://xn--ual-gla.com	0.1
1.6774499186449777e+18	1.6771899725650616e+18	@dam010679 Hola! Te escribimos por mensaje directo para poder verificar tu caso. RecordÃ¡ que nuestra cuenta se encuentra  en Twitter. ğŸ˜‰ Â¡Te esperamos https://t.co/vzzpliwPfM	Fri Jul 07 22:50:00 +0000 2023	0	0			160705347	http://xn--ual-gla.com	0.1
1.6774497198139228e+18	1.6771899725650616e+18	@GermanMautone Hola! Te escribimos por mensaje directo para poder verificar tu caso. RecordÃ¡ que nuestra cuenta se encuentra  en Twitter. ğŸ˜‰ Â¡Te esperamos https://t.co/vzzpliwPfM	Fri Jul 07 22:49:13 +0000 2023	0	0			854338156975579136	http://xn--ual-gla.com	0.1
1.6774311247991355e+18	1.6771899725650616e+18	@wilsoncalderonÂ¡Â¡RecordÃ¡ que ,somos una plataforma habilitada para derivarte al centro de atenciÃ³n al cliente brindarlos tu dni para cargarlo en el sistema y poderte brindar una atenciÃ³n al cliente https://t.co/sPSsWtv19r	Fri Jul 07 21:35:19 +0000 2023	0	0			48166265	http://personalizada.xn--ual-gla.com	0.0
1.6774302121814917e+18	1.6771899725650616e+18	@EzeeeLedesmaa Â¡Â¡RecordÃ¡ que ,somos una plataforma habilitada para derivarte al centro de atenciÃ³n al cliente brindarlos tu dni para cargarlo en el sistema y poderte brindar una atenciÃ³n al cliente https://t.co/sPSsWtv19r	Fri Jul 07 21:31:42 +0000 2023	0	0			1542219696	http://personalizada.xn--ual-gla.com	0.2
1.6774300177377772e+18	1.6771899725650616e+18	@pavademate Â¡Â¡RecordÃ¡ que ,somos una plataforma habilitada para derivarte al centro de atenciÃ³n al cliente brindarlos tu dni para cargarlo en el sistema y poderte brindar una atenciÃ³n al cliente https://t.co/sPSsWtv19r	Fri Jul 07 21:30:56 +0000 2023	0	0			1062500567950462976	http://personalizada.xn--ual-gla.com	0.2
1.6774298707358843e+18	1.6771899725650616e+18	@metrunks Â¡Â¡RecordÃ¡ que ,somos una plataforma habilitada para derivarte al centro de atenciÃ³n al cliente brindarlos tu dni para cargarlo en el sistema y poderte brindar una atenciÃ³n al cliente https://t.co/sPSsWtv19r	Fri Jul 07 21:30:20 +0000 2023	0	0			1119845036563279872	http://personalizada.xn--ual-gla.com	0.2
1.677429522654802e+18	1.6771899725650616e+18	@wilsoncalderonB Â¡Â¡RecordÃ¡ que ,somos una plataforma habilitada para derivarte al centro de atenciÃ³n al cliente brindarlos tu dni para cargarlo en el sistema y poderte brindar una atenciÃ³n al cliente https://t.co/sPSsWtv19r	Fri Jul 07 21:28:57 +0000 2023	0	0			178969123	http://personalizada.xn--ual-gla.com	0.2
1.6774293178552238e+18	1.6771899725650616e+18	@JB_Valoy Â¡Â¡RecordÃ¡ que ,somos una plataforma habilitada para derivarte al centro de atenciÃ³n al cliente brindarlos tu dni para cargarlo en el sistema y poderte brindar una atenciÃ³n al cliente https://t.co/sPSsWtv19r	Fri Jul 07 21:28:09 +0000 2023	0	0			238563258	http://personalizada.xn--ual-gla.com	0.2
1.6774290276262666e+18	1.6771899725650616e+18	@diegoroserom Â¡Â¡RecordÃ¡ que ,somos una plataforma habilitada para derivarte al centro de atenciÃ³n al cliente brindarlos tu dni para cargarlo en el sistema y poderte brindar una atenciÃ³n al cliente https://t.co/sPSsWtv19r	Fri Jul 07 21:26:59 +0000 2023	0	0			1216029892346875905	http://personalizada.xn--ual-gla.com	0.2
1.6774196618838508e+18	1.6771899725650616e+18	@kenmimis Â¡Â¡RecordÃ¡ que ,somos una plataforma habilitada para derivarte al centro de atenciÃ³n al cliente brindarlos tu dni para cargarlo en el sistema y poderte brindar una atenciÃ³n al cliente https://t.co/sPSsWtv19r	Fri Jul 07 20:49:47 +0000 2023	0	0			1580893153544093696	http://personalizada.xn--ual-gla.com	0.2
1.6774121162931978e+18	1.6771899725650616e+18	@lu__paramore Hola! Te escribimos por mensaje directo para poder ayudarte con la transferencia. TenÃ© en cuenta que nunca te vamos a pedir tus claves de seguridad ni acceso a la app. Â¡Te esperamos por privado!	Fri Jul 07 20:19:47 +0000 2023	0	0			1457036416123297807		0.05
1.6773774014065172e+18	1.6771899725650616e+18	@FerChux_xd Hola! Te escribimos por mensaje directo para ayudarte con el cambio de telÃ©fono. TenÃ© en cuenta que nunca te vamos a pedir tus claves de seguridad ni acceso a la app. Â¡Te esperamos por privado! https://t.co/vzzplixn5k	Fri Jul 07 18:01:51 +0000 2023	0	0			816792762339229696	http://xn--ual-gla.com	0.1
1.677377201136869e+18	1.6771899725650616e+18	@SinNingunArroba Hola! Te escribimos por mensaje directo para ayudarte con el cambio de telÃ©fono. TenÃ© en cuenta que nunca te vamos a pedir tus claves de seguridad ni acceso a la app. Â¡Te esperamos por privado! https://t.co/vzzplixn5k	Fri Jul 07 18:01:03 +0000 2023	0	0			1198072613597265921	http://xn--ual-gla.com	0.1
1.6773767778601203e+18	1.6771899725650616e+18	@LinthRunakaii Hola! Te escribimos por mensaje directo para ayudarte con el cambio de telÃ©fono. TenÃ© en cuenta que nunca te vamos a pedir tus claves de seguridad ni acceso a la app. Â¡Te esperamos por privado! https://t.co/vzzpliwPfM	Fri Jul 07 17:59:22 +0000 2023	0	0			1529132641018163203	http://xn--ual-gla.com	0.1
1.6773766945991885e+18	1.6771899725650616e+18	@William14084041 Hola! Te escribimos por mensaje directo para ayudarte con el cambio de telÃ©fono. TenÃ© en cuenta que nunca te vamos a pedir tus claves de seguridad ni acceso a la app. Â¡Te esperamos por privado! https://t.co/vzzplixn5k	Fri Jul 07 17:59:02 +0000 2023	0	0			1448795841070784512	http://xn--ual-gla.com	0.1
1.6773766441791895e+18	1.6771899725650616e+18	@William14084041 Hola! Te escribimos por mensaje directo para ayudarte con el cambio de telÃ©fono. TenÃ© en cuenta que nunca te vamos a pedir tus claves de seguridad ni acceso a la app. Â¡Te esperamos por privado! https://t.co/vzzpliwPfM	Fri Jul 07 17:58:50 +0000 2023	0	0			1448795841070784512	http://xn--ual-gla.com	0.1
1.6771999661402604e+18	1.6771899725650616e+18	Soporte tÃ©cnico https://t.co/Nby2AO3qu3	Fri Jul 07 06:16:47 +0000 2023	0	0					0.0
1.67719985675708e+18	1.6771899725650616e+18	Â¡Buen dÃ­a! Para que podamos ayudarte , por favor, Â¿nos enviarÃ­as un mensaje directo con tu nÃºmero de DNI y  nuestro equipo te brindarÃ¡ la atenciÃ³n por  Twitter ! ğŸ˜Šhttps://t.co/vzzpliwPfM https://t.co/Ckx3NJD09h	Fri Jul 07 06:16:21 +0000 2023	0	0				http://xn--ual-gla.com	0.39999999999999997
1.6771986550176315e+18	1.6771899725650616e+18	@Alexis49350796 Â¡Buen dÃ­a! Para que podamos ayudarte , por favor, Â¿nos enviarÃ­as un mensaje directo con tu nÃºmero de DNI y  nuestro equipo te brindarÃ¡ la atenciÃ³n por  Twitter ! ğŸ˜Šhttps://t.co/vzzpliwPfM	Fri Jul 07 06:11:34 +0000 2023	0	0			1376208051955437575	http://xn--ual-gla.com	0.39999999999999997
3.0742083430006374e+17	391963464.0	@adrielAutentiko &lt;3	Fri Mar 01 09:23:33 +0000 2013	1	0	3.072658060168438e+17		1195627368		0.0
3.039855420544123e+17	391963464.0	@adrielAutentiko &lt;3	Tue Feb 19 21:52:55 +0000 2013	0	1	3.039668811303772e+17		1195627368		0.0
1.6985722154222592e+18	1.520757868525404e+18	RT @cariocadelegado: Que o nosso amigo Mingau saia dessa. NinguÃ©m aguenta mais a impunidade nesse paÃ­s. Com certeza esse bandido estÃ¡ com aâ€¦	Mon Sep 04 05:42:28 +0000 2023	1221	0			279854727		-0.6999999999999998
1.6985345192953528e+18	1.520757868525404e+18	Muitas vezes o homem nÃ£o tem tempo para pensar e precisa agir	Mon Sep 04 03:12:41 +0000 2023	0	0					0.5
1.6985343933278538e+18	1.520757868525404e+18	Muitas vezes o homem precisa pensar antes de agir	Mon Sep 04 03:12:11 +0000 2023	0	0					0.25
1.6856435312960755e+18	1.520757868525404e+18	RT @Damadeferroofic: Somos explorados. https://t.co/W4aSqV8sa3	Sun Jul 30 13:28:30 +0000 2023	1073	0			1043615581973499904		0.0
1.6856412786150605e+18	1.520757868525404e+18	"RT @Damadeferroofic: Existe passeata LGBT na China?
Existe passeata LGBT na Coreia do norte?
Existe passeata LGBT em Cuba?
Existe passeataâ€¦"	Sun Jul 30 13:19:33 +0000 2023	3412	0			1043615581973499904		0.0
1.67345933369736e+18	1.520757868525404e+18	Eu comeÃ§o a estranhar meu nÃ­vel de gadice quando tiro dinheiro do meu salario mÃ­nimo e dou para completar as dividas do preferido que ganha 80 mil	Mon Jun 26 22:32:51 +0000 2023	0	0					0.18333333333333335
1.6448590006541025e+18	1.520757868525404e+18	08 de janeiro nao teve nada de surpresa, pelo menos para o @FlavioDino	Sun Apr 09 00:25:20 +0000 2023	0	1			25577585		-0.09999999999999999
1.642840067042427e+18	1.520757868525404e+18	Oque esta acontecendo com os homens? De shortinho, saia, batom e etc https://t.co/9kyXwir76c	Mon Apr 03 10:42:49 +0000 2023	0	0					0.0
1.6376188101601198e+18	1.520757868525404e+18	#FlavioDino cria da marÃ© nem uber entra e o cara vai sem suporte nenhum. O maluco Ã© brabo	Mon Mar 20 00:55:24 +0000 2023	0	0		FlavioDino			-0.55
1.6180323711227372e+18	1.520757868525404e+18	"Casado curte foto de solteiro?
#casados #casamentoblindado #solteiros #relacionamento #namoro #homem #mulher #casal #opiniÃ£o #pontodevista #casamento #vaidarmerda #fiquelongedoproblema https://t.co/hZDIhP7veV"	Tue Jan 24 23:45:53 +0000 2023	0	0		casados,casamentoblindado,solteiros,relacionamento,namoro,homem,mulher,casal,opiniÃ£o,pontodevista,casamento,vaidarmerda,fiquelongedoproblema			0.08928571428571429
1.617702980039639e+18	1.520757868525404e+18	@santander_br to a exatamente a 1 ano tentando receber uma segunda via de cartao da conta, isso mesmo 1 ano, que vergonha e olha que e vezes foi pedido pra entregar na agencia que eu iria buscar. Recebo com os senhores, mi ha chaves pix Ã© com os senhores e tem esse descaso	Tue Jan 24 01:57:00 +0000 2023	0	0			48700857		0.26785714285714285
1.6171216458055844e+18	1.520757868525404e+18	"Homem casado nÃ£o tem amigo mulher, mulher casada nÃ£o tem amigo homem!... e aÃ­ serÃ¡ 
#casados #homem #mulheres_casadas #solteiros #Solteiras #relacionamento #namoro"	Sun Jan 22 11:26:59 +0000 2023	0	0		casados,homem,mulheres_casadas,solteiros,Solteiras,relacionamento,namoro			0.28125
1.613681517380751e+18	1.520757868525404e+18	O que esta acontecendo com os homens? #homem #mulher #machoalfa #homemmoderno #homemdesconstruido https://t.co/xUnqC938sB	Thu Jan 12 23:37:09 +0000 2023	0	0		homem,mulher,machoalfa,homemmoderno,homemdesconstruido			0.0
1.611888600714543e+18	1.520757868525404e+18	Sejam bem vindos. Conta sem nicho e sem publico alvo, e claro sem partido. #influencer  #opiniao  #React #politica #liberdade https://t.co/rxfewRbhtL	Sun Jan 08 00:52:44 +0000 2023	0	0		influencer,opiniao,React,politica,liberdade			0.0
1.6118700439768924e+18	1.520757868525404e+18	"Fazendo inimigos dos dois lados
 #Lula  #Bolsonaro #Picanha  #Politica  #economia https://t.co/2gYA4oxaQr"	Sat Jan 07 23:39:00 +0000 2023	0	1		Lula,Bolsonaro,Picanha,Politica,economia			0.0
1.6111637566790735e+18	1.520757868525404e+18	"ConteÃºdo indesejado kkkkk
 #recomendacao #kwaibrasil  #tiktokviral #tiktokbrasil #casados #Marido #esposa https://t.co/YMKHeTgFax"	Fri Jan 06 00:52:28 +0000 2023	0	0		recomendacao,kwaibrasil,tiktokviral,tiktokbrasil,casados,Marido,esposa			0.0
1.6105807154180503e+18	1.520757868525404e+18	https://t.co/ckZZY1IS8D	Wed Jan 04 10:15:40 +0000 2023	0	0					0.0
1.6104535029327503e+18	1.520757868525404e+18	"Brasil em primeiro lugar
#brasil  #direita #esquerda #Lula #Bolsonaro https://t.co/UWzLSQuYrP"	Wed Jan 04 01:50:10 +0000 2023	0	0		brasil,direita,esquerda,Lula,Bolsonaro			0.25
1.6059198496534364e+18	1.520757868525404e+18	LULA NEM ASSUMIU E JÃ ESTA GOVERNANDO, BOLSONARO TÃ SE MOSTRANDO UM MANÃ‰ MESMO	Thu Dec 22 13:35:03 +0000 2022	0	0					0.0
1.6052721833658368e+18	1.520757868525404e+18	"CadÃª as feministas pra defender a mulher que foi ameaÃ§ada de tomar porrada na cara pelo ""cara barbado de vestido""?"	Tue Dec 20 18:41:27 +0000 2022	0	0					0.0
1.605137748385579e+18	1.520757868525404e+18	AtÃ© entendo polÃ­ticos investirem em argumentos e alianÃ§as para a pec da transiÃ§Ã£o, oque nÃ£o entendo Ã© pobre bater palma pra uma dÃ­vida colossal que ele mesmo vai pagar. Vamos acordar irmÃ£os, nÃ£o tem ninguÃ©m duro no atual e futuro governo	Tue Dec 20 09:47:15 +0000 2022	0	0					-0.07833333333333334
1.6037168819191316e+18	1.520757868525404e+18	Quem nÃ£o pegar uma fatia do governo Lula vai virar oposiÃ§Ã£o, pode escrever...	Fri Dec 16 11:41:14 +0000 2022	0	0					0.0
1.6026439798535045e+18	1.520757868525404e+18	"Essa histÃ³ria de ""missÃ£o dada e missÃ£o cumprida"" confere? ou Ã© aquelas histÃ³rias que o povo conta?"	Tue Dec 13 12:37:55 +0000 2022	0	0					0.0
1.601283786255188e+18	1.520757868525404e+18	Obrigado @aguas_do_rio por deixar a agua cair na torneira por apenas 4 horas, nÃ£o Ã© muito mas serviu pra encher a caixa d'Ã¡gua pro final de semana	Fri Dec 09 18:32:59 +0000 2022	0	0			1415007841816088578		0.05
1.601282701973414e+18	1.520757868525404e+18	Estranho foi saber que minha filha e minha esposa gosta mais de futebol que eu	Fri Dec 09 18:28:41 +0000 2022	0	0					0.225
1.6007972800926351e+18	1.520757868525404e+18	A agua voltou e o sol foi embora, 200kg de roupa pra lavar	Thu Dec 08 10:19:47 +0000 2022	0	0					0.0
1.6000664662204908e+18	1.520757868525404e+18	Volta @CedaeRJ , a @aguas_do_rio ta me fazendo tomar um banho por semana	Tue Dec 06 09:55:48 +0000 2022	0	0			1155951519595978752,1415007841816088578		0.0
1.6000662151453614e+18	1.520757868525404e+18	CadÃª a agua em vila leopoldina duque de caxias? Estamos tendo que comprar agua @aguas_do_rio	Tue Dec 06 09:54:48 +0000 2022	0	0			1415007841816088578		0.0
1.6099782879036047e+18	1.6077584843044372e+18	Hola @GordonFreemanB buenas tardes estimado cliente empezamos a seguirte seguinos para poder enviarnos MD atenciÃ³n al cliente UalÃ¡	Mon Jan 02 18:21:50 +0000 2023	0	0			4862851162		0.7
1.6091570887138836e+18	1.6077584843044372e+18	Hola @bergnaenzo_ buenos dÃ­as estimado cliente empezamos a seguirte seguinos para poder enviarnos MD atenciÃ³n al cliente UalÃ¡	Sat Dec 31 11:58:41 +0000 2022	0	0			960278525856112640		0.7
1.6089684284377907e+18	1.6077584843044372e+18	Hola @Rdgz_Sergio  buenas tardes estimado cliente empezamos a seguirte seguinos para poder enviarnos MD atenciÃ³n al cliente UalÃ¡	Fri Dec 30 23:29:01 +0000 2022	0	0			1636868529671503872		0.7
1.6089679358251786e+18	1.6077584843044372e+18	Hola @duendex_ buenas tardes estimado cliente empezamos a seguirte seguinos para poder enviarnos MD atenciÃ³n al cliente UalÃ¡	Fri Dec 30 23:27:03 +0000 2022	0	0			601546851		0.6
1.608967610502353e+18	1.6077584843044372e+18	Hola @Paulaad_cjs buenas tardes estimado cliente empezamos a seguirte seguinos para poder enviarnos MD atenciÃ³n al cliente UalÃ¡	Fri Dec 30 23:25:46 +0000 2022	0	0			2894935882		0.7
1.6089673137511588e+18	1.6077584843044372e+18	Hola @DrunkguschaArt buenas tardes estimado cliente empezamos a seguirte seguinos para poder enviarnos MD atenciÃ³n al cliente UalÃ¡	Fri Dec 30 23:24:35 +0000 2022	0	0					0.6
1.60895870513093e+18	1.6077584843044372e+18	Hola @manu190283 buenas tardes estimado cliente empezamos a seguirte seguinos para poder enviarnos MD atenciÃ³n al cliente UalÃ¡	Fri Dec 30 22:50:22 +0000 2022	0	0			3092792384		0.6
1.6089580609110303e+18	1.6077584843044372e+18	Hola @elpollo_harley  buenas tardes estimado cliente empezamos a seguirte seguinos para poder enviarnos MD atenciÃ³n al cliente UalÃ¡	Fri Dec 30 22:47:49 +0000 2022	0	0			602949582		0.6
1.6089578832696812e+18	1.6077584843044372e+18	Hola @LucelitaStella buenas tardes estimado cliente empezamos a seguirte seguinos para poder enviarnos MD atenciÃ³n al cliente UalÃ¡	Fri Dec 30 22:47:07 +0000 2022	0	0					0.7
1.608957600456151e+18	1.6077584843044372e+18	Hola @svnntc buenas tardes estimado cliente empezamos a seguirte seguinos para poder enviarnos MD atenciÃ³n al cliente UalÃ¡	Fri Dec 30 22:45:59 +0000 2022	0	0			500589032		0.7
1.6089574506607616e+18	1.6077584843044372e+18	Hola @InadaptadoCBA  buenas tardes estimado cliente empezamos a seguirte seguinos para poder enviarnos MD atenciÃ³n al cliente UalÃ¡	Fri Dec 30 22:45:23 +0000 2022	0	0			111676437		0.5666666666666667
1.6089572639555256e+18	1.6077584843044372e+18	Hola @FranVaccaro2018 buenas tardes estimado cliente empezamos a seguirte seguinos para poder enviarnos MD atenciÃ³n al cliente UalÃ¡	Fri Dec 30 22:44:39 +0000 2022	0	0			46041474		0.6
1.6089568479015076e+18	1.6077584843044372e+18	Hola @pablodcbloise  buenas tardes estimado cliente empezamos a seguirte seguinos para poder enviarnos MD atenciÃ³n al cliente UalÃ¡	Fri Dec 30 22:43:00 +0000 2022	0	0					0.7
1.6089565588762378e+18	1.6077584843044372e+18	Hola @6b439ca4603e454 buenas tardes estimado cliente empezamos a seguirte seguinos para poder enviarnos MD atenciÃ³n al cliente UalÃ¡	Fri Dec 30 22:41:51 +0000 2022	0	0			4925969045		0.7
1.608956310539866e+18	1.6077584843044372e+18	Hola @alecuervo88  buenas tardes estimado cliente empezamos a seguirte seguinos para poder enviarnos MD atenciÃ³n al cliente UalÃ¡	Fri Dec 30 22:40:52 +0000 2022	0	0			325215517		0.5666666666666667
1.6089559859552788e+18	1.6077584843044372e+18	Hola @volpesann  buenas tardes estimado cliente empezamos a seguirte seguinos para poder enviarnos MD atenciÃ³n al cliente UalÃ¡	Fri Dec 30 22:39:34 +0000 2022	0	0			724685668836880385		0.7
1.6089557465570017e+18	1.6077584843044372e+18	Hola @leandropadin buenas tardes estimado cliente empezamos a seguirte seguinos para poder enviarnos MD atenciÃ³n al cliente UalÃ¡	Fri Dec 30 22:38:37 +0000 2022	0	0			127979207		0.6
1.6089554139486863e+18	1.6077584843044372e+18	Hola @franquitosoyyo buenas tardes estimado cliente empezamos a seguirte seguinos para poder enviarnos MD atenciÃ³n al cliente UalÃ¡	Fri Dec 30 22:37:18 +0000 2022	0	0			218333229		0.6
1.6089551973506417e+18	1.6077584843044372e+18	Hola @medinajoni4  buenas tardes estimado cliente empezamos a seguirte seguinos para poder enviarnos MD atenciÃ³n al cliente UalÃ¡	Fri Dec 30 22:36:26 +0000 2022	0	0			1575335802149736448		0.6
1.6088394739615127e+18	1.6077584843044372e+18	Hola @juanvortix  buenos dÃ­as estimado cliente empezamos a seguirte seguinos para poder enviarnos MD atenciÃ³n al cliente UalÃ¡	Fri Dec 30 14:56:36 +0000 2022	0	0			102416569		0.5666666666666667
1.6088392664441364e+18	1.6077584843044372e+18	Hola @FedeCarvelli buenos dÃ­as estimado cliente empezamos a seguirte seguinos para poder enviarnos MD atenciÃ³n al cliente UalÃ¡	Fri Dec 30 14:55:46 +0000 2022	0	0			1607785013969313792		0.7
1.608838864579494e+18	1.6077584843044372e+18	Hola @Ale__Gimenez buenos dÃ­as estimado cliente empezamos a seguirte seguinos para poder enviarnos MD atenciÃ³n al cliente UalÃ¡	Fri Dec 30 14:54:10 +0000 2022	0	0			89487094		0.6
1.6088385651732972e+18	1.6077584843044372e+18	Hola @MaruDiceCosas  buenos dÃ­as estimado cliente empezamos a seguirte seguinos para poder enviarnos MD atenciÃ³n al cliente UalÃ¡	Fri Dec 30 14:52:59 +0000 2022	0	0			1324835832457515013		0.6
1.6088382634224845e+18	1.6077584843044372e+18	Hola @Milenahttps_  buenos dÃ­as estimado cliente empezamos a seguirte seguinos para poder enviarnos MD atenciÃ³n al cliente UalÃ¡	Fri Dec 30 14:51:47 +0000 2022	0	0			1174507743555850241		0.7
1.608838108136747e+18	1.6077584843044372e+18	Hola @SILEXANDER8 buenos dÃ­as estimado cliente empezamos a seguirte seguinos para poder enviarnos MD atenciÃ³n al cliente UalÃ¡	Fri Dec 30 14:51:10 +0000 2022	0	0			151623337		0.6
1.6088377361481318e+18	1.6077584843044372e+18	Hola @CarlosE22771834  buenos dÃ­as estimado cliente empezamos a seguirte seguinos para poder enviarnos MD atenciÃ³n al cliente UalÃ¡	Fri Dec 30 14:49:41 +0000 2022	0	0			1408260001504894983		0.7
1.6088376110907635e+18	1.6077584843044372e+18	Hola @AuvieuxBruno buenos dÃ­as estimado cliente empezamos a seguirte seguinos para poder enviarnos MD atenciÃ³n al cliente UalÃ¡	Fri Dec 30 14:49:11 +0000 2022	0	0			1136105841445212160		0.7
1.608837457348551e+18	1.6077584843044372e+18	Hola @jptolari buenos dÃ­as estimado cliente empezamos a seguirte seguinos para poder enviarnos MD atenciÃ³n al cliente UalÃ¡	Fri Dec 30 14:48:35 +0000 2022	0	0			2880135928		0.6
1.608837267019432e+18	1.6077584843044372e+18	Hola @JaviDellamea  buenos dÃ­as estimado cliente empezamos a seguirte seguinos para poder enviarnos MD atenciÃ³n al cliente UalÃ¡	Fri Dec 30 14:47:49 +0000 2022	0	0			871040430		0.6
1.608837084017721e+18	1.6077584843044372e+18	Hola @Frank_4_Freak buenos dÃ­as estimado cliente empezamos a seguirte seguinos para poder enviarnos MD atenciÃ³n al cliente UalÃ¡	Fri Dec 30 14:47:06 +0000 2022	0	0			1149442776301481985		0.6
1.6088368365370327e+18	1.6077584843044372e+18	Hola @fedenicoletti_  buenos dÃ­as estimado cliente empezamos a seguirte seguinos para poder enviarnos MD atenciÃ³n al cliente UalÃ¡	Fri Dec 30 14:46:07 +0000 2022	0	0					0.6
1.6088366633919775e+18	1.6077584843044372e+18	Hola @abruantonelli buenos dÃ­as estimado cliente empezamos a seguirte seguinos para poder enviarnos MD atenciÃ³n al cliente UalÃ¡	Fri Dec 30 14:45:25 +0000 2022	0	0			514935920		0.7
1.6088363683310835e+18	1.6077584843044372e+18	Hola @docquilmes buenos dÃ­as estimado cliente empezamos a seguirte seguinos para poder enviarnos MD atenciÃ³n al cliente UalÃ¡	Fri Dec 30 14:44:15 +0000 2022	0	0			446221902		0.5666666666666667
1.6088361891797524e+18	1.6077584843044372e+18	Hola @electronicave buenos dÃ­as estimado cliente empezamos a seguirte seguinos para poder enviarnos MD atenciÃ³n al cliente UalÃ¡	Fri Dec 30 14:43:32 +0000 2022	0	0			4127228061		0.6
1.6088360808115323e+18	1.6077584843044372e+18	Hola @dolarCCL buenos dÃ­as estimado cliente empezamos a seguirte seguinos para poder enviarnos MD atenciÃ³n al cliente UalÃ¡	Fri Dec 30 14:43:07 +0000 2022	0	0			1224638418711384065		0.7
1.398868367398736e+18	1.1847354249729103e+18	RT @netflix: Two young martial arts maestros embark on a journey full of gripping sword fights, mysterious conspiracies, and find soulmatesâ€¦	Sun May 30 05:06:23 +0000 2021	1439	0			16573941		0.19
1.2052057796633436e+18	1.1847354249729103e+18	RT @barclayscenter: Iconic U.S. debut! Thank you, @dimash_official! ğŸ’¥ https://t.co/V6fbrQ7GTw	Thu Dec 12 19:20:24 +0000 2019	95	0			264174173,510948637		0.78125
1.2052056791762412e+18	1.1847354249729103e+18	"RT @barclayscenter: Dears! Tonight, @dimash_official makes his solo concert U.S. debut in Brooklyn!ğŸŒŸ

Doors: 6:00pm
Show: 7:00pm https://t.â€¦"	Thu Dec 12 19:20:00 +0000 2019	29	0			264174173,510948637		0.0
1.2052056556084224e+18	1.1847354249729103e+18	RT @barclayscenter: Whatâ€™s more beautiful Dimashâ€™s vocals or the background?ğŸ˜ @dimash_official https://t.co/NA2Z7ImYLC	Thu Dec 12 19:19:54 +0000 2019	43	0			264174173,510948637		0.675
1.2052055745828247e+18	1.1847354249729103e+18	RT @barclayscenter: Making Dears proud!ğŸ¥° @dimash_official https://t.co/vAifqFuRyj	Thu Dec 12 19:19:35 +0000 2019	33	0			264174173,510948637		0.0
1.205205457435951e+18	1.1847354249729103e+18	"RT @barclayscenter: Dears! Are you ready to see @dimash_official at his first solo U.S. concert tomorrow? We can't wait!ğŸ¤—

ğŸ«:https://t.co/Tâ€¦"	Thu Dec 12 19:19:07 +0000 2019	48	0			264174173,510948637		0.225
1.196717100363993e+18	1.1847354249729103e+18	RT @Uala84723507: @ABU_HQ Heâ€™s a great singerâ¤ï¸â¤ï¸â¤ï¸ https://t.co/Y2K79g0agj	Tue Nov 19 09:09:25 +0000 2019	1	0			1184735424972910592,721893474325233664		0.8
1.1967121407798351e+18	1.1847354249729103e+18	RT @PalomaAnaly: @ABU_HQ https://t.co/froJNzN2YQ	Tue Nov 19 08:49:42 +0000 2019	1	0			944996480,721893474325233664		0.0
1.1967120353392108e+18	1.1847354249729103e+18	RT @Cherir_dimash: @ABU_HQ Dimash, A.R.Rahman, Twice ğŸ‘ğŸ»ğŸ‘ğŸ» Pleeease organisers make them interact like IDK put them all in the same restingâ€¦	Tue Nov 19 08:49:17 +0000 2019	2	0			921696977913597952,721893474325233664		0.0
1.196711904250454e+18	1.1847354249729103e+18	RT @Matra_K: @ayleen_dears @co_sera @ABU_HQ https://t.co/fOXy58Phm6	Tue Nov 19 08:48:46 +0000 2019	2	0			234728708,934455294830063616,1352701078077280256,721893474325233664		0.0
1.196711809782182e+18	1.1847354249729103e+18	RT @Matra_K: @co_sera @ABU_HQ https://t.co/aDA8PfFRpU	Tue Nov 19 08:48:23 +0000 2019	1	0			234728708,1352701078077280256,721893474325233664		0.0
1.1847370746052444e+18	1.1847354249729103e+18	RT @barclayscenter: #Dears who's excited for @dimash_official's show in Brooklyn on December 10? Let us know what you're looking forward toâ€¦	Thu Oct 17 07:45:04 +0000 2019	258	0		Dears	264174173,510948637		0.375
1.2641766672971855e+18	1.0621169400456068e+18	@CarlaZambelli38 @PATRlOTAS38 @conexaopolitica @BrazilFight @DouglasGarcia	Sat May 23 12:49:39 +0000 2020	0	0			1559574001927733253,1523748277,1040704983358955526		0.0
1.2641133098857103e+18	1.0621169400456068e+18	Sofisticadas biografias kkkkk	Sat May 23 08:37:53 +0000 2020	0	0					0.5
1.2640824920652677e+18	1.0621169400456068e+18	#NewProfilePic https://t.co/sTcSnnxPU7	Sat May 23 06:35:26 +0000 2020	0	0		NewProfilePic			0.0
1.2633538849086956e+18	1.0621169400456068e+18	"Veja a canalhice montada usando a pandemia aqui no Brasil para tentar derrubar o Presidente Bolsonaro. Vejam a divisÃ£o que governadores estÃ£o fazendo! Seria fakenews?
@DouglasGarcia @CarlaZambelli38 @AbrahamWeint @jairbolsonaro @filipebarrost @FlavioBolsonaro https://t.co/lQxPqhAtg5"	Thu May 21 06:20:12 +0000 2020	0	0			1040704983358955526,1559574001927733253,1120399498692497408,128372940,225925013,40053694		0.0
1.2624080207698862e+18	1.0621169400456068e+18	Concordo, essa vera quer falar o que do Presidente, olha sÃ³ felipe neto kkkkk um Youtuber que sÃ³ defeca pela boca	Mon May 18 15:41:41 +0000 2020	0	0					0.03333333333333333
1.2614694598579692e+18	1.0621169400456068e+18	Quero ver quando vc pegar se vc nÃ£o vai usar ela gadinha, falando merda como essa deputada desqualificada	Sat May 16 01:32:10 +0000 2020	0	0					0.15
1.2603783234961777e+18	1.0621169400456068e+18	#JairCadaVezMaisForte	Wed May 13 01:16:23 +0000 2020	0	0		JairCadaVezMaisForte			0.0
1.2603780172406252e+18	1.0621169400456068e+18	#JairCadaVezMaisForte	Wed May 13 01:15:10 +0000 2020	0	0		JairCadaVezMaisForte			0.0
1.697647968797569e+18	1.6976097658855342e+18	https://t.co/Xul26Ja2Ck	Fri Sep 01 16:29:51 +0000 2023	0	0					0.0
1.697647850593694e+18	1.6976097658855342e+18	https://t.co/fJxXKOtkyH	Fri Sep 01 16:29:23 +0000 2023	0	0					0.0
1.6976255021758794e+18	1.6976097658855342e+18	https://t.co/WwwcIqahql	Fri Sep 01 15:00:34 +0000 2023	0	0					0.0
1.697619967779185e+18	1.6976097658855342e+18	ğŸ˜ğŸ˜ https://t.co/4oZbLQ8yHa	Fri Sep 01 14:38:35 +0000 2023	0	0					0.0
1.6976187939109688e+18	1.6976097658855342e+18	https://t.co/YOTLCG5iaN	Fri Sep 01 14:33:55 +0000 2023	0	0					0.0
17161561735.0	159154573.0	doentio na ksa de minha vÃ³ me preparando para almoÃ§ar lÃ¡ em gilberto	Sun Jun 27 12:42:47 +0000 2010	0	0					-0.7142857142857143
16941958553.0	159154573.0	"De boa na casa de Hilda!!
Vou  assistir um filme daqui a pouco e passar em Copacabana."	Thu Jun 24 16:25:13 +0000 2010	0	0					0.40625
				0	0					0.0
